cveID,vendorProject,product,vulnerabilityName,dateAdded,shortDescription,requiredAction,dueDate,knownRansomwareCampaignUse,notes,cwes
CVE-2026-73570,Synacor,Zimbra Collaboration Suite (ZCS),Zimbra Collaboration Suite (ZCS) OS Command Injection Vulnerability,2026-08-21,Zimbra Collaboration Suite (ZCS) contains an OS command injection vulnerability which could allow an unauthenticated attacker to send specially crafted SMTP requests that may result in execution of arbitrary operating system commands as the Zimbra user.,"Apply mitigations in accordance with vendor instructions, ensuring compliance with CISA’s BOD 26-04 Prioritizing Security Updates Based on Risk (see URL in Notes) guidance and CISA’s “Forensics Triage Requirements” (see URL in Notes). Follow applicable BOD 26-04 guidance for cloud services or discontinue use of the product if mitigations are unavailable. Stakeholders are responsible for evaluating each asset's internet exposure and ensuring adherence to BOD 26-04 patching guidelines.",2026-08-24,Unknown,https://wiki.zimbra.com/wiki/Zimbra_Security_Advisories ; https://blog.zimbra.com/2026/07/patch-release-update-zimbra-10-1-20/ ; BOD 26-04: https://www.cisa.gov/news-events/directives/bod-26-04-prioritizing-security-updates-based-risk ; Forensics Triage Requirements: https://www.cisa.gov/news-events/directives/bod-26-04-implementation-guidance-prioritizing-security-updates-based-risk ; https://nvd.nist.gov/vuln/detail/CVE-2026-73570,CWE-78
CVE-2026-72530,TrueConf,Server,TrueConf Server Code Injection Vulnerability,2026-08-20,TrueConf Server contains a code injection vulnerability that could allow an unauthorized remote attacker with network access via port 4307/TCP to use a specially crafted script to break out of the isolated environment and execute arbitrary code on the host system.,"Apply mitigations in accordance with vendor instructions, ensuring compliance with CISA’s BOD 26-04 Prioritizing Security Updates Based on Risk (see URL in Notes) guidance and CISA’s “Forensics Triage Requirements” (see URL in Notes). Follow applicable BOD 26-04 guidance for cloud services or discontinue use of the product if mitigations are unavailable. Stakeholders are responsible for evaluating each asset's internet exposure and ensuring adherence to BOD 26-04 patching guidelines.",2026-09-03,Unknown,https://trueconf.com/blog/news/security-fixes-updates-and-advisories ; https://ics-cert.kaspersky.com/advisories/2026/08/11/trueconf-server-breakout-from-isolated-environment/ ; BOD 26-04: https://www.cisa.gov/news-events/directives/bod-26-04-prioritizing-security-updates-based-risk ; Forensics Triage Requirements: https://www.cisa.gov/news-events/directives/bod-26-04-implementation-guidance-prioritizing-security-updates-based-risk ; https://nvd.nist.gov/vuln/detail/CVE-2026-72530,CWE-94
CVE-2026-72529,TrueConf,Server,TrueConf Server Missing Authentication for Critical Function Vulnerability,2026-08-20,TrueConf Server contains a missing authentication for critical function vulnerability which could allow a remote unauthorized attacker with network access via port 4307/TCP to execute an arbitrary script.,"Apply mitigations in accordance with vendor instructions, ensuring compliance with CISA’s BOD 26-04 Prioritizing Security Updates Based on Risk (see URL in Notes) guidance and CISA’s “Forensics Triage Requirements” (see URL in Notes). Follow applicable BOD 26-04 guidance for cloud services or discontinue use of the product if mitigations are unavailable. Stakeholders are responsible for evaluating each asset's internet exposure and ensuring adherence to BOD 26-04 patching guidelines.",2026-08-23,Unknown,https://trueconf.com/blog/news/security-fixes-updates-and-advisories ; https://ics-cert.kaspersky.com/advisories/2026/08/11/trueconf-server-missing-authentication-for-critical-function/ ; BOD 26-04: https://www.cisa.gov/news-events/directives/bod-26-04-prioritizing-security-updates-based-risk ; Forensics Triage Requirements: https://www.cisa.gov/news-events/directives/bod-26-04-implementation-guidance-prioritizing-security-updates-based-risk ; https://nvd.nist.gov/vuln/detail/CVE-2026-72529,CWE-306
CVE-2026-64849,MLflow,MLflow,MLflow Server-Side Request Forgery Vulnerability,2026-08-19,MLflow contains a server-side request forgery vulnerability that can allow attackers to reach internal or cloud metadata services and receive response_status and response_body.,"Apply mitigations in accordance with vendor instructions, ensuring compliance with CISA’s BOD 26-04 Prioritizing Security Updates Based on Risk (see URL in Notes) guidance and CISA’s “Forensics Triage Requirements” (see URL in Notes). Follow applicable BOD 26-04 guidance for cloud services or discontinue use of the product if mitigations are unavailable. Stakeholders are responsible for evaluating each asset's internet exposure and ensuring adherence to BOD 26-04 patching guidelines.",2026-09-02,Unknown,https://github.com/mlflow/mlflow/pull/24258 ; https://github.com/mlflow/mlflow/issues/24179 ; BOD 26-04: https://www.cisa.gov/news-events/directives/bod-26-04-prioritizing-security-updates-based-risk ; Forensics Triage Requirements: https://www.cisa.gov/news-events/directives/bod-26-04-implementation-guidance-prioritizing-security-updates-based-risk ; https://nvd.nist.gov/vuln/detail/CVE-2026-64849,CWE-918
CVE-2026-33824,Microsoft,Internet Key Exchange (IKE) Service Extensions,Microsoft Internet Key Exchange (IKE) Service Extensions Double Free Vulnerability,2026-08-18,Microsoft Internet Key Exchange (IKE) Service Extensions contains a double free vulnerability that could enable remote code execution.,"Apply mitigations in accordance with vendor instructions, ensuring compliance with CISA’s BOD 26-04 Prioritizing Security Updates Based on Risk (see URL in Notes) guidance and CISA’s “Forensics Triage Requirements” (see URL in Notes). Follow applicable BOD 26-04 guidance for cloud services or discontinue use of the product if mitigations are unavailable. Stakeholders are responsible for evaluating each asset's internet exposure and ensuring adherence to BOD 26-04 patching guidelines.",2026-08-21,Unknown,https://msrc.microsoft.com/update-guide/en-US/vulnerability/CVE-2026-33824 ; BOD 26-04: https://www.cisa.gov/news-events/directives/bod-26-04-prioritizing-security-updates-based-risk ; Forensics Triage Requirements: https://www.cisa.gov/news-events/directives/bod-26-04-implementation-guidance-prioritizing-security-updates-based-risk ; https://nvd.nist.gov/vuln/detail/CVE-2026-33824,CWE-415
CVE-2026-59310,Broadcom,VMware vCenter,Broadcom VMware vCenter Path Traversal Vulnerability,2026-08-18,Broadcom VMware vCenter contains a path traversal vulnerability which could allow a threat actor with network access to vCenter to execute arbitrary code.,"Apply mitigations in accordance with vendor instructions, ensuring compliance with CISA’s BOD 26-04 Prioritizing Security Updates Based on Risk (see URL in Notes) guidance and CISA’s “Forensics Triage Requirements” (see URL in Notes). Follow applicable BOD 26-04 guidance for cloud services or discontinue use of the product if mitigations are unavailable. Stakeholders are responsible for evaluating each asset's internet exposure and ensuring adherence to BOD 26-04 patching guidelines.",2026-08-21,Unknown,https://support.broadcom.com/web/ecx/support-content-notification/-/external/content/SecurityAdvisories/0/38017 ; BOD 26-04: https://www.cisa.gov/news-events/directives/bod-26-04-prioritizing-security-updates-based-risk ; Forensics Triage Requirements: https://www.cisa.gov/news-events/directives/bod-26-04-implementation-guidance-prioritizing-security-updates-based-risk ; https://nvd.nist.gov/vuln/detail/CVE-2026-59310,CWE-22
CVE-2026-55040,Microsoft,SharePoint,Microsoft SharePoint Weak Authentication Vulnerability,2026-08-18,Microsoft SharePoint contains a weak authentication vulnerability which allows an unauthorized attacker to bypass a security feature over a network.,"Apply mitigations in accordance with vendor instructions, ensuring compliance with CISA’s BOD 26-04 Prioritizing Security Updates Based on Risk (see URL in Notes) guidance and CISA’s “Forensics Triage Requirements” (see URL in Notes). Follow applicable BOD 26-04 guidance for cloud services or discontinue use of the product if mitigations are unavailable. Stakeholders are responsible for evaluating each asset's internet exposure and ensuring adherence to BOD 26-04 patching guidelines.",2026-08-21,Unknown,https://msrc.microsoft.com/update-guide/vulnerability/CVE-2026-55040 ; BOD 26-04: https://www.cisa.gov/news-events/directives/bod-26-04-prioritizing-security-updates-based-risk ; Forensics Triage Requirements: https://www.cisa.gov/news-events/directives/bod-26-04-implementation-guidance-prioritizing-security-updates-based-risk ; https://nvd.nist.gov/vuln/detail/CVE-2026-55040,CWE-1390
CVE-2026-65400,Apple,macOS,Apple macOS Improper Authentication Vulnerability,2026-08-18,Apple macOS contains an improper authentication vulnerability that could allow an attacker on the network to authenticate to Screen Sharing without valid credentials.,"Apply mitigations in accordance with vendor instructions, ensuring compliance with CISA’s BOD 26-04 Prioritizing Security Updates Based on Risk (see URL in Notes) guidance and CISA’s “Forensics Triage Requirements” (see URL in Notes). Follow applicable BOD 26-04 guidance for cloud services or discontinue use of the product if mitigations are unavailable. Stakeholders are responsible for evaluating each asset's internet exposure and ensuring adherence to BOD 26-04 patching guidelines.",2026-08-21,Unknown,https://support.apple.com/en-us/148170; https://support.apple.com/en-us/148171; https://support.apple.com/en-us/148172 ; BOD 26-04: https://www.cisa.gov/news-events/directives/bod-26-04-prioritizing-security-updates-based-risk ; Forensics Triage Requirements: https://www.cisa.gov/news-events/directives/bod-26-04-implementation-guidance-prioritizing-security-updates-based-risk ; https://nvd.nist.gov/vuln/detail/CVE-2026-65400,CWE-287
CVE-2025-62593,Ray-Project,Ray,Ray-Project Ray Code Injection Vulnerability,2026-08-17,Ray-Project Ray contains a code injection vulnerability that could allow remote code execution. Developers using Ray as a development tool may be exposed to this vulnerability exploitable through Firefox and Safari.,"Apply mitigations in accordance with vendor instructions, ensuring compliance with CISA’s BOD 26-04 Prioritizing Security Updates Based on Risk (see URL in Notes) guidance and CISA’s “Forensics Triage Requirements” (see URL in Notes). Follow applicable BOD 26-04 guidance for cloud services or discontinue use of the product if mitigations are unavailable. Stakeholders are responsible for evaluating each asset's internet exposure and ensuring adherence to BOD 26-04 patching guidelines.",2026-08-20,Unknown,https://github.com/ray-project/ray/security/advisories/GHSA-q279-jhrf-cc6v ; https://github.com/ray-project/ray/commit/70e7c72780bdec075dba6cad1afe0832772bfe09 ; BOD 26-04: https://www.cisa.gov/news-events/directives/bod-26-04-prioritizing-security-updates-based-risk ; Forensics Triage Requirements: https://www.cisa.gov/news-events/directives/bod-26-04-implementation-guidance-prioritizing-security-updates-based-risk ; https://nvd.nist.gov/vuln/detail/CVE-2025-62593,"CWE-94, CWE-352"
CVE-2026-20349,Cisco,Secure Firewall Adaptive Security Appliance (ASA) and Secure Firewall Threat Defense (FTD) ,Cisco Secure Firewall Adaptive Security Appliance (ASA) and Secure Firewall Threat Defense (FTD) Heap Inspection Vulnerability,2026-08-11,"Cisco Secure Firewall Adaptive Security Appliance (ASA) and Secure Firewall Threat Defense (FTD) contain a heap inspection vulnerability that could allow an unauthenticated, remote attacker to cause the device to reload unexpectedly, resulting in a denial of service (DoS) condition.","Apply mitigations in accordance with vendor instructions, ensuring compliance with CISA’s BOD 26-04 Prioritizing Security Updates Based on Risk (see URL in Notes) guidance and CISA’s “Forensics Triage Requirements” (see URL in Notes). Follow applicable BOD 26-04 guidance for cloud services or discontinue use of the product if mitigations are unavailable. Stakeholders are responsible for evaluating each asset's internet exposure and ensuring adherence to BOD 26-04 patching guidelines.",2026-08-14,Unknown,https://sec.cloudapps.cisco.com/security/center/content/CiscoSecurityAdvisory/cisco-sa-asaftd-vpn-dos-dzv4mQFF ; BOD 26-04: https://www.cisa.gov/news-events/directives/bod-26-04-prioritizing-security-updates-based-risk ; Forensics Triage Requirements: https://www.cisa.gov/news-events/directives/bod-26-04-implementation-guidance-prioritizing-security-updates-based-risk ; https://nvd.nist.gov/vuln/detail/CVE-2026-20349,CWE-244
CVE-2026-68820,Microsoft,Windows Ancillary Function Driver for WinSock ,Microsoft Windows Ancillary Function Driver for WinSock Use-After-Free Vulnerability,2026-08-11,Microsoft Windows Ancillary Function Driver for WinSock contains a use-after-free vulnerability that allows an authorized attacker to elevate privileges locally.,"Apply mitigations in accordance with vendor instructions, ensuring compliance with CISA’s BOD 26-04 Prioritizing Security Updates Based on Risk (see URL in Notes) guidance and CISA’s “Forensics Triage Requirements” (see URL in Notes). Follow applicable BOD 26-04 guidance for cloud services or discontinue use of the product if mitigations are unavailable. Stakeholders are responsible for evaluating each asset's internet exposure and ensuring adherence to BOD 26-04 patching guidelines.",2026-08-25,Unknown,https://portal.msrc.microsoft.com/en-US/security-guidance/advisory/CVE-2026-68820 ; BOD 26-04: https://www.cisa.gov/news-events/directives/bod-26-04-prioritizing-security-updates-based-risk ; Forensics Triage Requirements: https://www.cisa.gov/news-events/directives/bod-26-04-implementation-guidance-prioritizing-security-updates-based-risk ; https://nvd.nist.gov/vuln/detail/CVE-2026-68820,CWE-416
CVE-2026-72898,Metabase,Metabase,Metabase SQL Injection Vulnerability,2026-08-11,"Metabase contains a SQL Injection vulnerability that allows an unauthenticated remote attacker to inject arbitrary SQL into the Metabase application database, which can give them administrator access to the instance. From there, the attacker could change the application configuration, steal stored credentials for the connected databases, read any data accessible through those connections, and export data.","Apply mitigations in accordance with vendor instructions, ensuring compliance with CISA’s BOD 26-04 Prioritizing Security Updates Based on Risk (see URL in Notes) guidance and CISA’s “Forensics Triage Requirements” (see URL in Notes). Follow applicable BOD 26-04 guidance for cloud services or discontinue use of the product if mitigations are unavailable. Stakeholders are responsible for evaluating each asset's internet exposure and ensuring adherence to BOD 26-04 patching guidelines.",2026-08-14,Unknown,https://www.metabase.com/blog/security-update ; https://github.com/metabase/metabase/security/advisories/GHSA-vwf4-m7j8-wcjf ; BOD 26-04: https://www.cisa.gov/news-events/directives/bod-26-04-prioritizing-security-updates-based-risk ; Forensics Triage Requirements: https://www.cisa.gov/news-events/directives/bod-26-04-implementation-guidance-prioritizing-security-updates-based-risk ; https://nvd.nist.gov/vuln/detail/CVE-2026-72898,CWE-89
CVE-2026-8037,Progress,LoadMaster,Progress LoadMaster Command Injection Vulnerability,2026-08-07,Progress LoadMaster contains a command injection vulnerability that allows an un-authenticated attacker to execute arbitrary commands on the LoadMaster appliance by exploiting unsanitized input in multiple command endpoints.,"Apply mitigations in accordance with vendor instructions, ensuring compliance with CISA’s BOD 26-04 Prioritizing Security Updates Based on Risk (see URL in Notes) guidance and CISA’s “Forensics Triage Requirements” (see URL in Notes). Follow applicable BOD 26-04 guidance for cloud services or discontinue use of the product if mitigations are unavailable. Stakeholders are responsible for evaluating each asset's internet exposure and ensuring adherence to BOD 26-04 patching guidelines.",2026-08-10,Unknown,https://community.progress.com/s/article/LoadMaster-Critical-Security-Bulletin-June-2026-CVE-2026-8037-CVE-2026-33691 ; BOD 26-04: https://www.cisa.gov/news-events/directives/bod-26-04-prioritizing-security-updates-based-risk ; Forensics Triage Requirements: https://www.cisa.gov/news-events/directives/bod-26-04-implementation-guidance-prioritizing-security-updates-based-risk ; https://nvd.nist.gov/vuln/detail/CVE-2026-8037,CWE-77
CVE-2026-63077,JetBrains,TeamCity,JetBrains TeamCity Deserialization of Untrusted Data Vulnerability,2026-08-05,JetBrains TeamCity contains a deserialization of untrusted data vulnerability that could allow unauthenticated remote code execution via the agent polling protocol.,"Apply mitigations in accordance with vendor instructions, ensuring compliance with CISA’s BOD 26-04 Prioritizing Security Updates Based on Risk (see URL in Notes) guidance and CISA’s “Forensics Triage Requirements” (see URL in Notes). Follow applicable BOD 26-04 guidance for cloud services or discontinue use of the product if mitigations are unavailable. Stakeholders are responsible for evaluating each asset's internet exposure and ensuring adherence to BOD 26-04 patching guidelines.",2026-08-08,Unknown,https://blog.jetbrains.com/teamcity/2026/07/cve-2026-63077/; https://www.jetbrains.com/privacy-security/issues-fixed/ ; BOD 26-04: https://www.cisa.gov/news-events/directives/bod-26-04-prioritizing-security-updates-based-risk ; Forensics Triage Requirements: https://www.cisa.gov/news-events/directives/bod-26-04-implementation-guidance-prioritizing-security-updates-based-risk ; https://nvd.nist.gov/vuln/detail/CVE-2026-63077,CWE-502
CVE-2026-18556,N-able,N-central,N-able N-central Authentication Bypass Using an Alternate Path or Channel Vulnerability,2026-08-04,N-able N-central contains an authentication bypass using an alternate path or channel that allows for authentication bypass.,"Apply mitigations in accordance with vendor instructions, ensuring compliance with CISA’s BOD 26-04 Prioritizing Security Updates Based on Risk (see URL in Notes) guidance and CISA’s “Forensics Triage Requirements” (see URL in Notes). Follow applicable BOD 26-04 guidance for cloud services or discontinue use of the product if mitigations are unavailable. Stakeholders are responsible for evaluating each asset's internet exposure and ensuring adherence to BOD 26-04 patching guidelines.",2026-08-07,Unknown,https://uptime.n-able.com/ ; https://status.n-able.com/2026/08/02/n-central-2026-3-hotfix-1-mitigation-for-cve-2026-18577/ ; BOD 26-04: https://www.cisa.gov/news-events/directives/bod-26-04-prioritizing-security-updates-based-risk ; Forensics Triage Requirements: https://www.cisa.gov/news-events/directives/bod-26-04-implementation-guidance-prioritizing-security-updates-based-risk ; https://nvd.nist.gov/vuln/detail/CVE-2026-18556,CWE-288
CVE-2026-34486,Apache,Tomcat,Apache Tomcat Missing Encryption of Sensitive Data Vulnerability,2026-08-04,Apache Tomcat contains a missing encryption of sensitive data vulnerability that allows the bypass of the EncryptInterceptor. This vulnerability can be chained with CVE‑2025‑24813.,"Apply mitigations in accordance with vendor instructions, ensuring compliance with CISA’s BOD 26-04 Prioritizing Security Updates Based on Risk (see URL in Notes) guidance and CISA’s “Forensics Triage Requirements” (see URL in Notes). Follow applicable BOD 26-04 guidance for cloud services or discontinue use of the product if mitigations are unavailable. Stakeholders are responsible for evaluating each asset's internet exposure and ensuring adherence to BOD 26-04 patching guidelines.",2026-08-07,Unknown,https://lists.apache.org/thread/9510k5p5zdvt9pkkgtyp85mvwxo2qrly ; BOD 26-04: https://www.cisa.gov/news-events/directives/bod-26-04-prioritizing-security-updates-based-risk ; Forensics Triage Requirements: https://www.cisa.gov/news-events/directives/bod-26-04-implementation-guidance-prioritizing-security-updates-based-risk ; https://nvd.nist.gov/vuln/detail/CVE-2026-34486,CWE-311
CVE-2026-9198,IBM,Langflow,IBM Langflow Code Injection Vulnerability,2026-08-04,Langflow contains a code injection vulnerability that allows unauthenticated attackers to achieve full remote code execution on default Langflow deployments.,"Apply mitigations in accordance with vendor instructions, ensuring compliance with CISA’s BOD 26-04 Prioritizing Security Updates Based on Risk (see URL in Notes) guidance and CISA’s “Forensics Triage Requirements” (see URL in Notes). Follow applicable BOD 26-04 guidance for cloud services or discontinue use of the product if mitigations are unavailable. Stakeholders are responsible for evaluating each asset's internet exposure and ensuring adherence to BOD 26-04 patching guidelines.",2026-08-07,Unknown,https://www.ibm.com/support/pages/node/7278927 ; BOD 26-04: https://www.cisa.gov/news-events/directives/bod-26-04-prioritizing-security-updates-based-risk ; Forensics Triage Requirements: https://www.cisa.gov/news-events/directives/bod-26-04-implementation-guidance-prioritizing-security-updates-based-risk ; https://nvd.nist.gov/vuln/detail/CVE-2026-9198,CWE-94
CVE-2026-18577,N-able,N-central,N-able N-central Authentication Bypass Using an Alternate Path or Channel Vulnerability,2026-08-03,N-able N-central contains an authentication bypass using an alternate path or channel allows for authentication bypass and account takeover in N-central. This vulnerability is the result of an incomplete patch for CVE-2026-18556.,"Apply mitigations in accordance with vendor instructions, ensuring compliance with CISA’s BOD 26-04 Prioritizing Security Updates Based on Risk (see URL in Notes) guidance and CISA’s “Forensics Triage Requirements” (see URL in Notes). Follow applicable BOD 26-04 guidance for cloud services or discontinue use of the product if mitigations are unavailable. Stakeholders are responsible for evaluating each asset's internet exposure and ensuring adherence to BOD 26-04 patching guidelines.",2026-08-06,Unknown,https://documentation.n-able.com/N-central/Release_Notes/GA/Content/N-central_2026.3_HF1_Release_Notes.htm ; https://status.n-able.com/2026/08/02/n-central-2026-3-hotfix-1-mitigation-for-cve-2026-18577/ ; BOD 26-04: https://www.cisa.gov/news-events/directives/bod-26-04-prioritizing-security-updates-based-risk ; Forensics Triage Requirements: https://www.cisa.gov/news-events/directives/bod-26-04-implementation-guidance-prioritizing-security-updates-based-risk ; https://nvd.nist.gov/vuln/detail/CVE-2026-18577,CWE-288
CVE-2026-20316,Cisco,Secure Firewall Management Center (FMC),Cisco Secure Firewall Management Center Use of Hard-coded Password Vulnerability,2026-07-29,"Cisco Secure Firewall Management Center (FMC) formerly known as Firepower Management Center contains a use of hard-coded password vulnerability that could allow an unauthenticated, remote attacker to log in to an affected device using a low-privileged account to access sensitive data within the impacted systems.","Apply mitigations in accordance with vendor instructions, ensuring compliance with CISA’s BOD 26-04 Prioritizing Security Updates Based on Risk (see URL in Notes) guidance and CISA’s “Forensics Triage Requirements” (see URL in Notes). Follow applicable BOD 26-04 guidance for cloud services or discontinue use of the product if mitigations are unavailable. Stakeholders are responsible for evaluating each asset's internet exposure and ensuring adherence to BOD 26-04 patching guidelines.",2026-08-01,Unknown,https://sec.cloudapps.cisco.com/security/center/content/CiscoSecurityAdvisory/cisco-sa-fmc-static-cred-BET3Cjh ; BOD 26-04: https://www.cisa.gov/news-events/directives/bod-26-04-prioritizing-security-updates-based-risk ; Forensics Triage Requirements: https://www.cisa.gov/news-events/directives/bod-26-04-implementation-guidance-prioritizing-security-updates-based-risk ; https://nvd.nist.gov/vuln/detail/CVE-2026-20316,CWE-259
CVE-2025-68686,Fortinet,FortiOS,Fortinet FortiOS Exposure of Sensitive Information to an Unauthorized Actor Vulnerability,2026-07-27,"Fortinet FortiOS contains an exposure of sensitive information to an unauthorized actor vulnerability. This may allow a remote unauthenticated attacker to bypass the patch developed for the symbolic link persistency mechanism observed in some post-exploit cases, via crafted HTTP requests. An attacker would need first to have compromised the product via another vulnerability, at filesystem level.","Apply mitigations in accordance with vendor instructions, ensuring compliance with CISA’s BOD 26-04 Prioritizing Security Updates Based on Risk (see URL in Notes) guidance and CISA’s “Forensics Triage Requirements” (see URL in Notes). Follow applicable BOD 26-04 guidance for cloud services or discontinue use of the product if mitigations are unavailable. Stakeholders are responsible for evaluating each asset's internet exposure and ensuring adherence to BOD 26-04 patching guidelines.",2026-08-10,Unknown,https://fortiguard.fortinet.com/psirt/FG-IR-25-934 ; BOD 26-04: https://www.cisa.gov/news-events/directives/bod-26-04-prioritizing-security-updates-based-risk ; Forensics Triage Requirements: https://www.cisa.gov/news-events/directives/bod-26-04-implementation-guidance-prioritizing-security-updates-based-risk ; https://nvd.nist.gov/vuln/detail/CVE-2025-68686,CWE-200
CVE-2026-16812,Arista,VeloCloud Orchestrator,Arista VeloCloud Orchestrator On-Prem OS Command Injection Vulnerability,2026-07-27,"Arista VeloCloud Orchestrator On-Prem contains an OS command injection vulnerability that may allow a remote attacker to access privileged internal functionality and impact the VCO host. Successful exploitation may compromise the confidentiality, integrity, and availability of the orchestrator and data managed by the orchestrator.","Apply mitigations in accordance with vendor instructions, ensuring compliance with CISA’s BOD 26-04 Prioritizing Security Updates Based on Risk (see URL in Notes) guidance and CISA’s “Forensics Triage Requirements” (see URL in Notes). Follow applicable BOD 26-04 guidance for cloud services or discontinue use of the product if mitigations are unavailable. Stakeholders are responsible for evaluating each asset's internet exposure and ensuring adherence to BOD 26-04 patching guidelines.",2026-07-30,Unknown,https://www.arista.com/en/support/advisories-notices/security-advisory/24364-security-advisory-0144 ; BOD 26-04: https://www.cisa.gov/news-events/directives/bod-26-04-prioritizing-security-updates-based-risk ; Forensics Triage Requirements: https://www.cisa.gov/news-events/directives/bod-26-04-implementation-guidance-prioritizing-security-updates-based-risk ; https://nvd.nist.gov/vuln/detail/CVE-2026-16812,CWE-78
CVE-2026-16232,Check Point,SmartConsole,Check Point SmartConsole Improper Authentication Vulnerability,2026-07-22,Check Point SmartConsole contains an improper authentication vulnerability which could allow an unauthenticated remote attacker to obtain an application login token and use it to authenticate with full administrative privileges.,"Apply mitigations in accordance with vendor instructions, ensuring compliance with CISA’s BOD 26-04 Prioritizing Security Updates Based on Risk (see URL in Notes) guidance and CISA’s “Forensics Triage Requirements” (see URL in Notes). Follow applicable BOD 26-04 guidance for cloud services or discontinue use of the product if mitigations are unavailable. Stakeholders are responsible for evaluating each asset's internet exposure and ensuring adherence to BOD 26-04 patching guidelines.",2026-07-25,Unknown,https://support.checkpoint.com/results/sk/sk185169/ ; BOD 26-04: https://www.cisa.gov/news-events/directives/bod-26-04-prioritizing-security-updates-based-risk ; Forensics Triage Requirements: https://www.cisa.gov/news-events/directives/bod-26-04-implementation-guidance-prioritizing-security-updates-based-risk ; https://nvd.nist.gov/vuln/detail/CVE-2026-16232,CWE-287
CVE-2026-50522,Microsoft,SharePoint,Microsoft SharePoint Deserialization of Untrusted Data Vulnerability ,2026-07-22,Microsoft SharePoint contains a deserialization of untrusted data vulnerability which could allow an unauthorized attacker to execute code over a network.,"Apply mitigations in accordance with vendor instructions, ensuring compliance with CISA’s BOD 26-04 Prioritizing Security Updates Based on Risk (see URL in Notes) guidance and CISA’s “Forensics Triage Requirements” (see URL in Notes). Follow applicable BOD 26-04 guidance for cloud services or discontinue use of the product if mitigations are unavailable. Stakeholders are responsible for evaluating each asset's internet exposure and ensuring adherence to BOD 26-04 patching guidelines.",2026-07-25,Unknown,https://msrc.microsoft.com/update-guide/vulnerability/CVE-2026-50522 ; BOD 26-04: https://www.cisa.gov/news-events/directives/bod-26-04-prioritizing-security-updates-based-risk ; Forensics Triage Requirements: https://www.cisa.gov/news-events/directives/bod-26-04-implementation-guidance-prioritizing-security-updates-based-risk ; https://nvd.nist.gov/vuln/detail/CVE-2026-50522,CWE-502
CVE-2026-60137,WordPress,Core,WordPress Core SQL Injection Vulnerability,2026-07-21,WordPress Core contains a SQL injection vulnerability when a plugin or theme passes untrusted input to the parameter. This vulnerability can be chained with CVE-2026-63030 to allow an unauthenticated attacker to gain remote code execution on default WordPress installations.,"Apply mitigations in accordance with vendor instructions, ensuring compliance with CISA’s BOD 26-04 Prioritizing Security Updates Based on Risk (see URL in Notes) guidance and CISA’s “Forensics Triage Requirements” (see URL in Notes). Follow applicable BOD 26-04 guidance for cloud services or discontinue use of the product if mitigations are unavailable. Stakeholders are responsible for evaluating each asset's internet exposure and ensuring adherence to BOD 26-04 patching guidelines.",2026-08-04,Unknown,https://wordpress.org/news/2026/07/wordpress-7-0-2-release/ ; BOD 26-04: https://www.cisa.gov/news-events/directives/bod-26-04-prioritizing-security-updates-based-risk ; Forensics Triage Requirements: https://www.cisa.gov/news-events/directives/bod-26-04-implementation-guidance-prioritizing-security-updates-based-risk ; https://nvd.nist.gov/vuln/detail/CVE-2026-60137,CWE-89
CVE-2026-63030,WordPress,Core,WordPress Core Interpretation Conflict Vulnerability,2026-07-21,WordPress Core contains an interpretation conflict vulnerability that could allow an attacker to perform SQL Injection and achieve Remote Code Execution. This vulnerability can be chained with CVE-2026-60137.,"Apply mitigations in accordance with vendor instructions, ensuring compliance with CISA’s BOD 26-04 Prioritizing Security Updates Based on Risk (see URL in Notes) guidance and CISA’s “Forensics Triage Requirements” (see URL in Notes). Follow applicable BOD 26-04 guidance for cloud services or discontinue use of the product if mitigations are unavailable. Stakeholders are responsible for evaluating each asset's internet exposure and ensuring adherence to BOD 26-04 patching guidelines.",2026-07-24,Unknown,https://wordpress.org/news/2026/07/wordpress-7-0-2-release/ ; BOD 26-04: https://www.cisa.gov/news-events/directives/bod-26-04-prioritizing-security-updates-based-risk ; Forensics Triage Requirements: https://www.cisa.gov/news-events/directives/bod-26-04-implementation-guidance-prioritizing-security-updates-based-risk ; https://nvd.nist.gov/vuln/detail/CVE-2026-63030,CWE-436
CVE-2026-0770,Langflow,Langflow,Langflow Inclusion of Functionality from Untrusted Control Sphere Vulnerability,2026-07-21,Langflow contains an inclusion of functionality from untrusted control sphere vulnerability that allows remote attackers to execute arbitrary code on affected installations. ,"Apply mitigations in accordance with vendor instructions, ensuring compliance with CISA’s BOD 26-04 Prioritizing Security Updates Based on Risk (see URL in Notes) guidance and CISA’s “Forensics Triage Requirements” (see URL in Notes). Follow applicable BOD 26-04 guidance for cloud services or discontinue use of the product if mitigations are unavailable. Stakeholders are responsible for evaluating each asset's internet exposure and ensuring adherence to BOD 26-04 patching guidelines.",2026-07-24,Unknown,https://github.com/langflow-ai/langflow/releases/tag/v1.9.0 ; BOD 26-04: https://www.cisa.gov/news-events/directives/bod-26-04-prioritizing-security-updates-based-risk ; Forensics Triage Requirements: https://www.cisa.gov/news-events/directives/bod-26-04-implementation-guidance-prioritizing-security-updates-based-risk ; https://nvd.nist.gov/vuln/detail/CVE-2026-0770 ,CWE-829
CVE-2021-27137,DD-WRT,DD-WRT,DD-WRT Stack-Based Buffer Overflow Vulnerability,2026-07-21,DD-WRT contains a stack-based buffer overflow vulnerability that could allow an unauthenticated attacker to overflow an internal buffer used by UPnP and trigger a code execution vulnerability.,"Apply mitigations in accordance with vendor instructions, ensuring compliance with CISA’s BOD 26-04 Prioritizing Security Updates Based on Risk (see URL in Notes) guidance and CISA’s “Forensics Triage Requirements” (see URL in Notes). Follow applicable BOD 26-04 guidance for cloud services or discontinue use of the product if mitigations are unavailable. Stakeholders are responsible for evaluating each asset's internet exposure and ensuring adherence to BOD 26-04 patching guidelines.",2026-07-24,Unknown,"This vulnerability affects a common open-source component, third-party library, proprietary implementation, or a protocol used by different products. Please check with specific vendors for information on patching status. For more information, please see: https://svn.dd-wrt.com/changeset/45724 ; BOD 26-04: https://www.cisa.gov/news-events/directives/bod-26-04-prioritizing-security-updates-based-risk ; Forensics Triage Requirements: https://www.cisa.gov/news-events/directives/bod-26-04-implementation-guidance-prioritizing-security-updates-based-risk ; https://nvd.nist.gov/vuln/detail/CVE-2021-27137",CWE-121
CVE-2026-58644,Microsoft,SharePoint,Microsoft SharePoint Deserialization of Untrusted Data Vulnerability,2026-07-16,Microsoft SharePoint contains a deserialization of untrusted data vulnerability that allows an unauthorized attacker to execute code over a network.,"Apply mitigations in accordance with vendor instructions, ensuring compliance with CISA’s BOD 26-04 Prioritizing Security Updates Based on Risk (see URL in Notes) guidance and CISA’s “Forensics Triage Requirements” (see URL in Notes). Follow applicable BOD 26-04 guidance for cloud services or discontinue use of the product if mitigations are unavailable. Stakeholders are responsible for evaluating each asset's internet exposure and ensuring adherence to BOD 26-04 patching guidelines.",2026-07-19,Unknown,https://msrc.microsoft.com/update-guide/vulnerability/CVE-2026-58644 ; BOD 26-04: https://www.cisa.gov/news-events/directives/bod-26-04-prioritizing-security-updates-based-risk ; Forensics Triage Requirements: https://www.cisa.gov/news-events/directives/bod-26-04-implementation-guidance-prioritizing-security-updates-based-risk ; https://nvd.nist.gov/vuln/detail/CVE-2026-58644,CWE-502
CVE-2026-25089,Fortinet,FortiSandbox,Fortinet FortiSandbox OS Command Injection Vulnerability,2026-07-16,"Fortinet FortiSandbox, FortiSandbox Cloud, and FortiSandbox PaaS contain an OS command injection vulnerability that allows an unauthenticated attacker to execute unauthorized commands via specifically crafted HTTP requests.","Apply mitigations in accordance with vendor instructions, ensuring compliance with CISA’s BOD 26-04 Prioritizing Security Updates Based on Risk (see URL in Notes) guidance and CISA’s “Forensics Triage Requirements” (see URL in Notes). Follow applicable BOD 26-04 guidance for cloud services or discontinue use of the product if mitigations are unavailable. Stakeholders are responsible for evaluating each asset's internet exposure and ensuring adherence to BOD 26-04 patching guidelines.",2026-07-19,Unknown,https://fortiguard.fortinet.com/psirt/FG-IR-26-141 ; BOD 26-04: https://www.cisa.gov/news-events/directives/bod-26-04-prioritizing-security-updates-based-risk ; Forensics Triage Requirements: https://www.cisa.gov/news-events/directives/bod-26-04-implementation-guidance-prioritizing-security-updates-based-risk ; https://nvd.nist.gov/vuln/detail/CVE-2026-25089,CWE-78
CVE-2026-39808,Fortinet,FortiSandbox,Fortinet FortiSandbox OS Command Injection Vulnerability,2026-07-16,Fortinet FortiSandbox contains an OS command injection vulnerability that could allow an unauthenticated attacker to execute unauthorized code or commands via crafted HTTP requests.,"Apply mitigations in accordance with vendor instructions, ensuring compliance with CISA’s BOD 26-04 Prioritizing Security Updates Based on Risk (see URL in Notes) guidance and CISA’s “Forensics Triage Requirements” (see URL in Notes). Follow applicable BOD 26-04 guidance for cloud services or discontinue use of the product if mitigations are unavailable. Stakeholders are responsible for evaluating each asset's internet exposure and ensuring adherence to BOD 26-04 patching guidelines.",2026-07-19,Unknown,https://fortiguard.fortinet.com/psirt/FG-IR-26-100 ; BOD 26-04: https://www.cisa.gov/news-events/directives/bod-26-04-prioritizing-security-updates-based-risk ; Forensics Triage Requirements: https://www.cisa.gov/news-events/directives/bod-26-04-implementation-guidance-prioritizing-security-updates-based-risk ; https://nvd.nist.gov/vuln/detail/CVE-2026-39808,CWE-78
CVE-2026-46817,Oracle,E-Business Suite,Oracle E-Business Suite Improper Privilege Management Vulnerability,2026-07-15,Oracle E-Business Suite contains an improper privilege management vulnerability that allows an unauthenticated attacker with network access via HTTP to compromise Oracle Payments. Successful attacks of this vulnerability can result in takeover of Oracle Payments.,"Apply mitigations in accordance with vendor instructions, ensuring compliance with CISA’s BOD 26-04 Prioritizing Security Updates Based on Risk (see URL in Notes) guidance and CISA’s “Forensics Triage Requirements” (see URL in Notes). Follow applicable BOD 26-04 guidance for cloud services or discontinue use of the product if mitigations are unavailable. Stakeholders are responsible for evaluating each asset's internet exposure and ensuring adherence to BOD 26-04 patching guidelines.",2026-07-18,Unknown,https://www.oracle.com/security-alerts/cspumay2026.html ; BOD 26-04: https://www.cisa.gov/news-events/directives/bod-26-04-prioritizing-security-updates-based-risk ; Forensics Triage Requirements: https://www.cisa.gov/news-events/directives/bod-26-04-implementation-guidance-prioritizing-security-updates-based-risk ; https://nvd.nist.gov/vuln/detail/CVE-2026-46817,"CWE-269, CWE-287, CWE-306"
CVE-2023-4346,KNX Association,KNX Protocol Connection Authorization Option 1,KNX Association KNX Protocol Connection Authorization Option 1 Overly Restrictive Account Lockout Mechanism Vulnerability,2026-07-15,KNX Association KNX Protocol Connection Authorization Option 1 contains an overly restrictive account lockout mechanism vulnerability that could allow an attacker to purge all devices without additional security options enabled and set a BCU key to lock the device. ,"Apply mitigations in accordance with vendor instructions, ensuring compliance with CISA’s BOD 26-04 Prioritizing Security Updates Based on Risk (see URL in Notes) guidance and CISA’s “Forensics Triage Requirements” (see URL in Notes). Follow applicable BOD 26-04 guidance for cloud services or discontinue use of the product if mitigations are unavailable. Stakeholders are responsible for evaluating each asset's internet exposure and ensuring adherence to BOD 26-04 patching guidelines.",2026-07-29,Unknown,https://www.cisa.gov/news-events/ics-advisories/icsa-23-236-01 ; BOD 26-04: https://www.cisa.gov/news-events/directives/bod-26-04-prioritizing-security-updates-based-risk ; Forensics Triage Requirements: https://www.cisa.gov/news-events/directives/bod-26-04-implementation-guidance-prioritizing-security-updates-based-risk ; https://nvd.nist.gov/vuln/detail/CVE-2023-4346,CWE-645
CVE-2026-56155,Microsoft,Active Directory Federation Services,Microsoft Active Directory Federation Services Insufficient Granularity of Access Control Vulnerability ,2026-07-14,Microsoft Active Directory Federation Services contains an insufficient granularity of access control vulnerability that allows an authorized attacker to elevate privileges locally.,"Apply mitigations in accordance with vendor instructions, ensuring compliance with CISA’s BOD 26-04 Prioritizing Security Updates Based on Risk (see URL in Notes) guidance and CISA’s “Forensics Triage Requirements” (see URL in Notes). Follow applicable BOD 26-04 guidance for cloud services or discontinue use of the product if mitigations are unavailable. Stakeholders are responsible for evaluating each asset's internet exposure and ensuring adherence to BOD 26-04 patching guidelines.",2026-07-28,Unknown,https://msrc.microsoft.com/update-guide/en-US/vulnerability/CVE-2026-56155 ; BOD 26-04: https://www.cisa.gov/news-events/directives/bod-26-04-prioritizing-security-updates-based-risk ; Forensics Triage Requirements: https://www.cisa.gov/news-events/directives/bod-26-04-implementation-guidance-prioritizing-security-updates-based-risk ; https://nvd.nist.gov/vuln/detail/CVE-2026-56155; https://learn.microsoft.com/en-us/windows-server/identity/ad-fs/decommission/adfs-decommission-guide,CWE-1220
CVE-2026-56164,Microsoft,SharePoint Server,Microsoft SharePoint Server Missing Authentication for Critical Function Vulnerability,2026-07-14,Microsoft SharePoint contains a missing authentication for critical function vulnerability that allows an unauthorized attacker to elevate privileges over a network.,"Apply mitigations in accordance with vendor instructions, ensuring compliance with CISA’s BOD 26-04 Prioritizing Security Updates Based on Risk (see URL in Notes) guidance and CISA’s “Forensics Triage Requirements” (see URL in Notes). Follow applicable BOD 26-04 guidance for cloud services or discontinue use of the product if mitigations are unavailable. Stakeholders are responsible for evaluating each asset's internet exposure and ensuring adherence to BOD 26-04 patching guidelines.",2026-07-17,Unknown,https://msrc.microsoft.com/update-guide/en-US/vulnerability/CVE-2026-56164 ; BOD 26-04: https://www.cisa.gov/news-events/directives/bod-26-04-prioritizing-security-updates-based-risk ; Forensics Triage Requirements: https://www.cisa.gov/news-events/directives/bod-26-04-implementation-guidance-prioritizing-security-updates-based-risk ; https://nvd.nist.gov/vuln/detail/CVE-2026-56164,CWE-306
CVE-2026-15409,SonicWall,SMA1000 Appliances,SonicWall SMA1000 Appliances Server-Side Request Forgery Vulnerability,2026-07-14,SonicWall SMA1000 Appliances contain a server-side request forgery vulnerability that could allow a remote unauthenticated attacker to potentially cause the appliance to make requests to unintended location.,"Apply mitigations in accordance with vendor instructions, ensuring compliance with CISA’s BOD 26-04 Prioritizing Security Updates Based on Risk (see URL in Notes) guidance and CISA’s “Forensics Triage Requirements” (see URL in Notes). Follow applicable BOD 26-04 guidance for cloud services or discontinue use of the product if mitigations are unavailable. Stakeholders are responsible for evaluating each asset's internet exposure and ensuring adherence to BOD 26-04 patching guidelines.",2026-07-17,Known,https://psirt.global.sonicwall.com/vuln-detail/SNWLID-2026-0008 ; BOD 26-04: https://www.cisa.gov/news-events/directives/bod-26-04-prioritizing-security-updates-based-risk ; Forensics Triage Requirements: https://www.cisa.gov/news-events/directives/bod-26-04-implementation-guidance-prioritizing-security-updates-based-risk ; https://nvd.nist.gov/vuln/detail/CVE-2026-15409,CWE-918
CVE-2026-15410,SonicWall,SMA1000 Appliances,SonicWall SMA1000 Appliances Code Injection Vulnerability,2026-07-14,SonicWall SMA1000 Appliances contain a code injection vulnerability which in specific conditions could potentially enable a remote authenticated attacker as administrator to execute arbitrary OS commands.,"Apply mitigations in accordance with vendor instructions, ensuring compliance with CISA’s BOD 26-04 Prioritizing Security Updates Based on Risk (see URL in Notes) guidance and CISA’s “Forensics Triage Requirements” (see URL in Notes). Follow applicable BOD 26-04 guidance for cloud services or discontinue use of the product if mitigations are unavailable. Stakeholders are responsible for evaluating each asset's internet exposure and ensuring adherence to BOD 26-04 patching guidelines.",2026-07-17,Known,https://psirt.global.sonicwall.com/vuln-detail/SNWLID-2026-0008 ; BOD 26-04: https://www.cisa.gov/news-events/directives/bod-26-04-prioritizing-security-updates-based-risk ; Forensics Triage Requirements: https://www.cisa.gov/news-events/directives/bod-26-04-implementation-guidance-prioritizing-security-updates-based-risk ; https://nvd.nist.gov/vuln/detail/CVE-2026-15410,CWE-94
CVE-2008-4128,Cisco,IOS,Cisco IOS Cross-Site Request Forgery Vulnerability,2026-07-13,"Cisco IOS 12.4 contains multiple cross-site forgery vulnerabilities that allows remote attackers to execute arbitrary commands via (1) a certain ""show privilege"" command to the /level/15/exec/- URI, and (2) a certain ""alias exec"" command to the /level/15/exec/-/configure/http URI.","Apply mitigations in accordance with vendor instructions, ensuring compliance with CISA’s BOD 26-04 Prioritizing Security Updates Based on Risk (see URL in Notes) guidance and CISA’s “Forensics Triage Requirements” (see URL in Notes). Follow applicable BOD 26-04 guidance for cloud services or discontinue use of the product if mitigations are unavailable. Stakeholders are responsible for evaluating each asset's internet exposure and ensuring adherence to BOD 26-04 patching guidelines.",2026-07-16,Unknown,https://www.cisco.com/c/en/us/obsolete/ios-nx-os-software/cisco-ios-software-releases-12-4-mainline.html ; BOD 26-04: https://www.cisa.gov/news-events/directives/bod-26-04-prioritizing-security-updates-based-risk ; Forensics Triage Requirements: https://www.cisa.gov/news-events/directives/bod-26-04-implementation-guidance-prioritizing-security-updates-based-risk ; https://nvd.nist.gov/vuln/detail/CVE-2008-4128,CWE-352
CVE-2026-56291,Balbooa,Forms,Balbooa Forms Unrestricted Upload of File with Dangerous Type Vulnerability,2026-07-10,Balbooa Forms contains an unrestricted upload of file with dangerous type vulnerability that allows an unauthenticated arbitrary file upload which could allow uploading of executable files leading to full RCE.,"Apply mitigations in accordance with vendor instructions, ensuring compliance with CISA’s BOD 26-04 Prioritizing Security Updates Based on Risk (see URL in Notes) guidance and CISA’s “Forensics Triage Requirements” (see URL in Notes). Follow applicable BOD 26-04 guidance for cloud services or discontinue use of the product if mitigations are unavailable. Stakeholders are responsible for evaluating each asset's internet exposure and ensuring adherence to BOD 26-04 patching guidelines.",2026-07-13,Unknown,https://www.balbooa.com/joomla-forms ; BOD 26-04: https://www.cisa.gov/news-events/directives/bod-26-04-prioritizing-security-updates-based-risk ; Forensics Triage Requirements: https://www.cisa.gov/news-events/directives/bod-26-04-implementation-guidance-prioritizing-security-updates-based-risk ; https://nvd.nist.gov/vuln/detail/CVE-2026-56291,CWE-434
CVE-2026-48939,iCagenda,iCagenda,iCagenda Unrestricted Upload of File with Dangerous Type Vulnerability,2026-07-10,"iCagenda contains an unrestricted upload of file with dangerous type vulnerability that allows the upload of arbitrary files in the file attachment feature, ultimately resulting in PHP code upload and execution.","Apply mitigations in accordance with vendor instructions, ensuring compliance with CISA’s BOD 26-04 Prioritizing Security Updates Based on Risk (see URL in Notes) guidance and CISA’s “Forensics Triage Requirements” (see URL in Notes). Follow applicable BOD 26-04 guidance for cloud services or discontinue use of the product if mitigations are unavailable. Stakeholders are responsible for evaluating each asset's internet exposure and ensuring adherence to BOD 26-04 patching guidelines.",2026-07-13,Unknown,https://www.icagenda.com/#download ; BOD 26-04: https://www.cisa.gov/news-events/directives/bod-26-04-prioritizing-security-updates-based-risk ; Forensics Triage Requirements: https://www.cisa.gov/news-events/directives/bod-26-04-implementation-guidance-prioritizing-security-updates-based-risk ; https://nvd.nist.gov/vuln/detail/CVE-2026-48939,CWE-434
CVE-2026-48908,JoomShaper,SP Page Builder,JoomShaper SP Page Builder Unrestricted Upload of File with Dangerous Type Vulnerability,2026-07-07,"JoomShaper SP Page Builder contains an unrestricted upload of file with dangerous type vulnerability that allows unauthenticated users to upload arbitrary files, ultimately resulting in the upload and execution of PHP code.","Apply mitigations in accordance with vendor instructions, ensuring compliance with CISA’s BOD 26-04 Prioritizing Security Updates Based on Risk (see URL in Notes) guidance and CISA’s “Forensics Triage Requirements” (see URL in Notes). Follow applicable BOD 26-04 guidance for cloud services or discontinue use of the product if mitigations are unavailable. Stakeholders are responsible for evaluating each asset's internet exposure and ensuring adherence to BOD 26-04 patching guidelines.",2026-07-10,Unknown,https://extensions.joomla.org/extension/sp-page-builder/ ; BOD 26-04: https://www.cisa.gov/news-events/directives/bod-26-04-prioritizing-security-updates-based-risk ; Forensics Triage Requirements: https://www.cisa.gov/news-events/directives/bod-26-04-implementation-guidance-prioritizing-security-updates-based-risk ; https://nvd.nist.gov/vuln/detail/CVE-2026-48908,CWE-434
CVE-2026-55255,Langflow,Langflow,Langflow Authorization Bypass Through User-Controlled Key Vulnerability,2026-07-07,Langflow contains an authorization bypass through user-controlled key vulnerability which allows an authenticated attacker to execute any flow belonging to another user by specifying the victim's flow ID in the request.,"Apply mitigations in accordance with vendor instructions, ensuring compliance with CISA’s BOD 26-04 Prioritizing Security Updates Based on Risk (see URL in Notes) guidance and CISA’s “Forensics Triage Requirements” (see URL in Notes). Follow applicable BOD 26-04 guidance for cloud services or discontinue use of the product if mitigations are unavailable. Stakeholders are responsible for evaluating each asset's internet exposure and ensuring adherence to BOD 26-04 patching guidelines.",2026-07-10,Unknown,https://github.com/langflow-ai/langflow/security/advisories/GHSA-qrpv-q767-xqq2 ; BOD 26-04: https://www.cisa.gov/news-events/directives/bod-26-04-prioritizing-security-updates-based-risk ; Forensics Triage Requirements: https://www.cisa.gov/news-events/directives/bod-26-04-implementation-guidance-prioritizing-security-updates-based-risk ; https://nvd.nist.gov/vuln/detail/CVE-2026-55255,CWE-639
CVE-2026-56290,Joomlack,Page Builder,Joomlack Page Builder Improper Access Control Vulnerability,2026-07-07,Joomlack Page Builder contains an improper access control vulnerability that could allow for remote code execution via unauthenticated arbitrary file upload.,"Apply mitigations in accordance with vendor instructions, ensuring compliance with CISA’s BOD 26-04 Prioritizing Security Updates Based on Risk (see URL in Notes) guidance and CISA’s “Forensics Triage Requirements” (see URL in Notes). Follow applicable BOD 26-04 guidance for cloud services or discontinue use of the product if mitigations are unavailable. Stakeholders are responsible for evaluating each asset's internet exposure and ensuring adherence to BOD 26-04 patching guidelines.",2026-07-10,Unknown,https://www.joomlack.fr/en/joomla-extensions/page-builder-ck ; BOD 26-04: https://www.cisa.gov/news-events/directives/bod-26-04-prioritizing-security-updates-based-risk ; Forensics Triage Requirements: https://www.cisa.gov/news-events/directives/bod-26-04-implementation-guidance-prioritizing-security-updates-based-risk ; https://nvd.nist.gov/vuln/detail/CVE-2026-56290,CWE-284
CVE-2026-48282,Adobe,ColdFusion,Adobe ColdFusion Path Traversal Vulnerability,2026-07-07,Adobe ColdFusion contains a path traversal vulnerability that could lead to arbitrary code execution in the context of the current user.,"Apply mitigations in accordance with vendor instructions, ensuring compliance with CISA’s BOD 26-04 Prioritizing Security Updates Based on Risk (see URL in Notes) guidance and CISA’s “Forensics Triage Requirements” (see URL in Notes). Follow applicable BOD 26-04 guidance for cloud services or discontinue use of the product if mitigations are unavailable. Stakeholders are responsible for evaluating each asset's internet exposure and ensuring adherence to BOD 26-04 patching guidelines.",2026-07-10,Unknown,https://helpx.adobe.com/security/products/coldfusion/apsb26-68.html ; BOD 26-04: https://www.cisa.gov/news-events/directives/bod-26-04-prioritizing-security-updates-based-risk ; Forensics Triage Requirements: https://www.cisa.gov/news-events/directives/bod-26-04-implementation-guidance-prioritizing-security-updates-based-risk ; https://nvd.nist.gov/vuln/detail/CVE-2026-48282,CWE-22
CVE-2026-45659,Microsoft,SharePoint Server,Microsoft SharePoint Server Deserialization of Untrusted Data Vulnerability,2026-07-01,Microsoft SharePoint Server contains a deserialization of untrusted data vulnerability which allows an authorized attacker to execute code over a network.,"Apply mitigations in accordance with vendor instructions, ensuring compliance with CISA’s BOD 26-04 Prioritizing Security Updates Based on Risk (see URL in Notes) guidance and CISA’s “Forensics Triage Requirements” (see URL in Notes). Follow applicable BOD 26-04 guidance for cloud services or discontinue use of the product if mitigations are unavailable. Stakeholders are responsible for evaluating each asset's internet exposure and ensuring adherence to BOD 26-04 patching guidelines.",2026-07-04,Known,https://msrc.microsoft.com/update-guide/vulnerability/CVE-2026-45659 ; BOD 26-04: https://www.cisa.gov/news-events/directives/bod-26-04-prioritizing-security-updates-based-risk ; Forensics Triage Requirements: https://www.cisa.gov/news-events/directives/bod-26-04-implementation-guidance-prioritizing-security-updates-based-risk ; https://nvd.nist.gov/vuln/detail/CVE-2026-45659,CWE-502
CVE-2026-48558,SimpleHelp ,SimpleHelp,SimpleHelp Authentication Bypass Vulnerability,2026-06-29,"SimpleHelp contains an authentication bypass vulnerability in the OIDC authentication flow. When OIDC authentication is configured, identity tokens submitted during login are accepted without verifying their cryptographic signature. In a vulnerable configuration, a remote, unauthenticated attacker can submit a forged token containing arbitrary identity claims to obtain a fully authenticated technician session. In some configurations, this may also allow bypass of multi-factor authentication.","Apply mitigations in accordance with vendor instructions, ensuring compliance with CISA’s BOD 26-04 Prioritizing Security Updates Based on Risk (see URL in Notes) guidance and CISA’s “Forensics Triage Requirements” (see URL in Notes). Follow applicable BOD 26-04 guidance for cloud services or discontinue use of the product if mitigations are unavailable. Stakeholders are responsible for evaluating each asset's internet exposure and ensuring adherence to BOD 26-04 patching guidelines.",2026-07-02,Unknown,https://simple-help.com/security/simplehelp-security-update-2026-05 ; BOD 26-04: https://www.cisa.gov/news-events/directives/bod-26-04-prioritizing-security-updates-based-risk ; Forensics Triage Requirements: https://www.cisa.gov/news-events/directives/bod-26-04-implementation-guidance-prioritizing-security-updates-based-risk ; https://nvd.nist.gov/vuln/detail/CVE-2026-48558,CWE-347
CVE-2026-12569,PTC,Windchill and FlexPLM,PTC Windchill and FlexPLM Improper Input Validation Vulnerability,2026-06-25,"PTC Windchill and FlexPLM contains an improper input validation vulnerability allowing an unauthenticated, remote attacker to execute arbitrary code by sending a malicious request to the network.","Apply mitigations in accordance with vendor instructions, ensuring compliance with CISA’s BOD 26-04 Prioritizing Security Updates Based on Risk (see URL in Notes) guidance and CISA’s “Forensics Triage Requirements” (see URL in Notes). Follow applicable BOD 26-04 guidance for cloud services or discontinue use of the product if mitigations are unavailable. Stakeholders are responsible for evaluating each asset's internet exposure and ensuring adherence to BOD 26-04 patching guidelines.",2026-06-28,Known,https://www.ptc.com/en/support/article/CS473270 ; BOD 26-04: https://www.cisa.gov/news-events/directives/bod-26-04-prioritizing-security-updates-based-risk ; Forensics Triage Requirements: https://www.cisa.gov/news-events/directives/bod-26-04-implementation-guidance-prioritizing-security-updates-based-risk ; https://nvd.nist.gov/vuln/detail/CVE-2026-12569,"CWE-20, CWE-502"
CVE-2026-20230,Cisco,Unified Communications Manager,Cisco Unified Communications Manager Server-Side Request Forgery (SSRF) Vulnerability,2026-06-25,"Cisco Unified Communications Manager (Unified CM) and Cisco Unified Communications Manager Session Management Edition (Unified CM SME) contain a server-side request forgery (SSRF) Vulnerability that could allow an unauthenticated, remote attacker to write files to the underlying operating system that could be used later to elevate to root.","Apply mitigations in accordance with vendor instructions, ensuring compliance with CISA’s BOD 26-04 Prioritizing Security Updates Based on Risk (see URL in Notes) guidance and CISA’s “Forensics Triage Requirements” (see URL in Notes). Follow applicable BOD 26-04 guidance for cloud services or discontinue use of the product if mitigations are unavailable. Stakeholders are responsible for evaluating each asset's internet exposure and ensuring adherence to BOD 26-04 patching guidelines.",2026-06-28,Unknown,https://www.cisco.com/c/en/us/support/docs/csa/cisco-sa-cucm-ssrf-cXPnHcW.html ; BOD 26-04: https://www.cisa.gov/news-events/directives/bod-26-04-prioritizing-security-updates-based-risk ; Forensics Triage Requirements: https://www.cisa.gov/news-events/directives/bod-26-04-implementation-guidance-prioritizing-security-updates-based-risk ; https://nvd.nist.gov/vuln/detail/CVE-2026-20230,CWE-918
CVE-2025-67038,Lantronix,EDS5000,Lantronix EDS5000 Code Injection Vulnerability,2026-06-23,Lantronix EDS5000 contains a code injection vulnerability that could allow attackers to inject arbitrary OS commands into the username parameter. Injected commands are executed with root privileges.,"Apply mitigations in accordance with vendor instructions, ensuring compliance with CISA’s BOD 26-04 Prioritizing Security Updates Based on Risk (see URL in Notes) guidance and CISA’s “Forensics Triage Requirements” (see URL in Notes). Follow applicable BOD 26-04 guidance for cloud services or discontinue use of the product if mitigations are unavailable. Stakeholders are responsible for evaluating each asset's internet exposure and ensuring adherence to BOD 26-04 patching guidelines.",2026-06-26,Unknown,https://ltrxdev.atlassian.net/wiki/spaces/LTRXTS/pages/2538438657/Latest+Firmware+for+the+EDS5000+series+EDS5008+EDS5016+EDS5032 ; BOD 26-04: https://www.cisa.gov/news-events/directives/bod-26-04-prioritizing-security-updates-based-risk ; Forensics Triage Requirements: https://www.cisa.gov/news-events/directives/bod-26-04-implementation-guidance-prioritizing-security-updates-based-risk ; https://nvd.nist.gov/vuln/detail/CVE-2025-67038,"CWE-78, CWE-94"
CVE-2026-34910,Ubiquiti,UniFi OS,Ubiquiti UniFi OS Improper Input Validation Vulnerability,2026-06-23,Ubiquiti UniFi OS contains an improper input validation vulnerability which could allow a malicious actor with access to the network to conduct command injection.,"Apply mitigations in accordance with vendor instructions, ensuring compliance with CISA’s BOD 26-04 Prioritizing Security Updates Based on Risk (see URL in Notes) guidance and CISA’s “Forensics Triage Requirements” (see URL in Notes). Follow applicable BOD 26-04 guidance for cloud services or discontinue use of the product if mitigations are unavailable. Stakeholders are responsible for evaluating each asset's internet exposure and ensuring adherence to BOD 26-04 patching guidelines.",2026-06-26,Unknown,https://community.ui.com/releases/Security-Advisory-Bulletin-064-064/84811c09-4cf4-42ab-bd61-cc994445963b ; BOD 26-04: https://www.cisa.gov/news-events/directives/bod-26-04-prioritizing-security-updates-based-risk ; Forensics Triage Requirements: https://www.cisa.gov/news-events/directives/bod-26-04-implementation-guidance-prioritizing-security-updates-based-risk ; https://nvd.nist.gov/vuln/detail/CVE-2026-34910,CWE-20
CVE-2026-34909,Ubiquiti,UniFi OS,Ubiquiti UniFi OS Path Traversal Vulnerability,2026-06-23,Ubiquiti UniFi OS contains a path traversal vulnerability which could allow a malicious actor with access to the network to access files on the underlying system that could be manipulated to access an underlying account.,"Apply mitigations in accordance with vendor instructions, ensuring compliance with CISA’s BOD 26-04 Prioritizing Security Updates Based on Risk (see URL in Notes) guidance and CISA’s “Forensics Triage Requirements” (see URL in Notes). Follow applicable BOD 26-04 guidance for cloud services or discontinue use of the product if mitigations are unavailable. Stakeholders are responsible for evaluating each asset's internet exposure and ensuring adherence to BOD 26-04 patching guidelines.",2026-06-26,Unknown,https://community.ui.com/releases/Security-Advisory-Bulletin-064-064/84811c09-4cf4-42ab-bd61-cc994445963b ; BOD 26-04: https://www.cisa.gov/news-events/directives/bod-26-04-prioritizing-security-updates-based-risk ; Forensics Triage Requirements: https://www.cisa.gov/news-events/directives/bod-26-04-implementation-guidance-prioritizing-security-updates-based-risk ; https://nvd.nist.gov/vuln/detail/CVE-2026-34909,CWE-22
CVE-2026-34908,Ubiquiti,UniFi OS,Ubiquiti UniFi OS Improper Access Control Vulnerability,2026-06-23,Ubiquiti UniFi OS contains an improper access control vulnerability which could allow a malicious actor with access to the network to make unauthorized changes to the system.,"Apply mitigations in accordance with vendor instructions, ensuring compliance with CISA’s BOD 26-04 Prioritizing Security Updates Based on Risk (see URL in Notes) guidance and CISA’s “Forensics Triage Requirements” (see URL in Notes). Follow applicable BOD 26-04 guidance for cloud services or discontinue use of the product if mitigations are unavailable. Stakeholders are responsible for evaluating each asset's internet exposure and ensuring adherence to BOD 26-04 patching guidelines.",2026-06-26,Unknown,https://community.ui.com/releases/Security-Advisory-Bulletin-064-064/84811c09-4cf4-42ab-bd61-cc994445963b ; BOD 26-04: https://www.cisa.gov/news-events/directives/bod-26-04-prioritizing-security-updates-based-risk ; Forensics Triage Requirements: https://www.cisa.gov/news-events/directives/bod-26-04-implementation-guidance-prioritizing-security-updates-based-risk ; https://nvd.nist.gov/vuln/detail/CVE-2026-34908,CWE-284
CVE-2026-20253,Splunk,Enterprise,Splunk Enterprise Missing Authentication for Critical Function Vulnerability,2026-06-18,Splunk Enterprise contains a missing authentication for critical function vulnerability which could allow an unauthenticated user to create or truncate arbitrary files through a PostgreSQL sidecar service endpoint.,"Apply mitigations in accordance with vendor instructions, ensuring compliance with CISA’s BOD 26-04 Prioritizing Security Updates Based on Risk (see URL in Notes) guidance and CISA’s “Forensics Triage Requirements” (see URL in Notes). Follow applicable BOD 26-04 guidance for cloud services or discontinue use of the product if mitigations are unavailable. Stakeholders are responsible for evaluating each asset's internet exposure and ensuring adherence to BOD 26-04 patching guidelines.",2026-06-21,Unknown,https://advisory.splunk.com/advisories/SVD-2026-0603 ; BOD 26-04: https://www.cisa.gov/news-events/directives/bod-26-04-prioritizing-security-updates-based-risk ; Forensics Triage Requirements: https://www.cisa.gov/news-events/directives/bod-26-04-implementation-guidance-prioritizing-security-updates-based-risk ; https://nvd.nist.gov/vuln/detail/CVE-2026-20253,CWE-306
CVE-2026-48907,Widget Factory,Joomla Content Editor ,Widget Factory Joomla Content Editor Improper Access Control Vulnerability,2026-06-16,Widget Factory Joomla Content Editor contains an improper access control vulnerability which could allow for upload and execution of PHP code via the creation of new editor profiles for unauthenticated users. ,"Apply mitigations in accordance with vendor instructions, ensuring compliance with CISA’s BOD 26-04 Prioritizing Security Updates Based on Risk (see URL in Notes) guidance and CISA’s “Forensics Triage Requirements” (see URL in Notes). Follow applicable BOD 26-04 guidance for cloud services or discontinue use of the product if mitigations are unavailable. Stakeholders are responsible for evaluating each asset's internet exposure and ensuring adherence to BOD 26-04 patching guidelines.",2026-06-19,Unknown,https://www.joomlacontenteditor.net/news/jce-security-update-and-a-free-patch-for-older-sites ; https://www.joomlacontenteditor.net/support/changelog/editor ; BOD 26-04: https://www.cisa.gov/news-events/directives/bod-26-04-prioritizing-security-updates-based-risk ; Forensics Triage Requirements: https://www.cisa.gov/news-events/directives/bod-26-04-implementation-guidance-prioritizing-security-updates-based-risk ; https://nvd.nist.gov/vuln/detail/CVE-2026-48907,CWE-284
CVE-2026-54420,LiteSpeed,cPanel Plugin,LiteSpeed cPanel Plugin UNIX Symbolic Link (Symlink) Following Vulnerability,2026-06-15,LiteSpeed cPanel plugin contains a UNIX symbolic link (Symlink) following vulnerability that could allow a user with FTP or web shell access on a shared hosting server running CloudLinux/CageFS.,"Apply mitigations in accordance with vendor instructions, ensuring compliance with CISA’s BOD 26-04 Prioritizing Security Updates Based on Risk (see URL in Notes) guidance and CISA’s “Forensics Triage Requirements” (see URL in Notes). Follow applicable BOD 26-04 guidance for cloud services or discontinue use of the product if mitigations are unavailable. Stakeholders are responsible for evaluating each asset's internet exposure and ensuring adherence to BOD 26-04 patching guidelines.",2026-06-18,Unknown,https://blog.litespeedtech.com/2026/06/01/security-update-for-litespeed-cpanel-plugin-2/ ; BOD 26-04: https://www.cisa.gov/news-events/directives/bod-26-04-prioritizing-security-updates-based-risk ; Forensics Triage Requirements: https://www.cisa.gov/news-events/directives/bod-26-04-implementation-guidance-prioritizing-security-updates-based-risk ; https://nvd.nist.gov/vuln/detail/CVE-2026-54420,CWE-61
CVE-2026-20262,Cisco,Catalyst SD-WAN Manager,Cisco Catalyst SD-WAN Manager Directory or Path Traversal Vulnerability,2026-06-15,"Cisco Catalyst SD-WAN Manager contains a directory or path traversal vulnerability that could allow an authenticated, remote attacker to create a file or overwrite any file on the filesystem of an affected system.","Apply mitigations in accordance with vendor instructions, ensuring compliance with CISA’s BOD 26-04 Prioritizing Security Updates Based on Risk (see URL in Notes) guidance and CISA’s “Forensics Triage Requirements” (see URL in Notes). Follow applicable BOD 26-04 guidance for cloud services or discontinue use of the product if mitigations are unavailable. Stakeholders are responsible for evaluating each asset's internet exposure and ensuring adherence to BOD 26-04 patching guidelines.",2026-06-29,Unknown,https://sec.cloudapps.cisco.com/security/center/content/CiscoSecurityAdvisory/cisco-sa-sdwan-arbfw-c2rZvQ ; BOD 26-04: https://www.cisa.gov/news-events/directives/bod-26-04-prioritizing-security-updates-based-risk ; Forensics Triage Requirements: https://www.cisa.gov/news-events/directives/bod-26-04-implementation-guidance-prioritizing-security-updates-based-risk ; https://nvd.nist.gov/vuln/detail/CVE-2026-20262,CWE-22
CVE-2026-35273,Oracle, PeopleSoft Enterprise PeopleTools,Oracle PeopleSoft Enterprise PeopleTools Missing Authentication for Critical Function Vulnerability,2026-06-12,Oracle PeopleSoft Enterprise PeopleTools contains a missing authentication for critical function vulnerability which could allow an unauthenticated attacker to obtain takeover of PeopleSoft Enterprise PeopleTools.,"Apply mitigations in accordance with vendor instructions, ensuring compliance with CISA’s BOD 26-04 Prioritizing Security Updates Based on Risk (see URL in Notes) guidance and CISA’s “Forensics Triage Requirements” (see URL in Notes). Follow applicable BOD 26-04 guidance for cloud services or discontinue use of the product if mitigations are unavailable. Stakeholders are responsible for evaluating each asset's internet exposure and ensuring adherence to BOD 26-04 patching guidelines.",2026-06-15,Known,https://www.oracle.com/security-alerts/alert-cve-2026-35273.html ; https://support.oracle.com/signin/ ; BOD 26-04: https://www.cisa.gov/news-events/directives/bod-26-04-prioritizing-security-updates-based-risk ; Forensics Triage Requirements: https://www.cisa.gov/news-events/directives/bod-26-04-implementation-guidance-prioritizing-security-updates-based-risk ; https://nvd.nist.gov/vuln/detail/CVE-2026-35273,CWE-306
CVE-2026-10520,Ivanti,Sentry,Ivanti Sentry OS Command Injection Vulnerability,2026-06-11,Ivanti Sentry (formerly known as MobileIron Sentry) contains an OS command injection vulnerability which could allow a remote unauthenticated user to achieve root-level remote code execution. This vulnerability can be successfully exploited in cases where the Sentry appliance is in an unmanaged state with its endpoints externally reachable. The use of mTLS with EPMM or restricted HTTPS access through Neurons for MDM makes interfaces inaccessible to external actors.,"Apply mitigations in accordance with vendor instructions, ensuring compliance with CISA’s BOD 26-04 Prioritizing Security Updates Based on Risk (see URL in Notes) guidance and CISA’s “Forensics Triage Requirements” (see URL in Notes). Follow applicable BOD 26-04 guidance for cloud services or discontinue use of the product if mitigations are unavailable. Stakeholders are responsible for evaluating each asset's internet exposure and ensuring adherence to BOD 26-04 patching guidelines.",2026-06-14,Unknown,https://hub.ivanti.com/s/article/Security-Advisory-Ivanti-Sentry-CVE-2026-10520-CVE-2026-10523?language=en_US ; BOD 26-04: https://www.cisa.gov/news-events/directives/bod-26-04-prioritizing-security-updates-based-risk ; Forensics Triage Requirements: https://www.cisa.gov/news-events/directives/bod-26-04-implementation-guidance-prioritizing-security-updates-based-risk ; https://nvd.nist.gov/vuln/detail/CVE-2026-10520,CWE-78
CVE-2026-11645,Google,Chromium V8,Google Chromium V8 Out-of-Bounds Read and Write Vulnerability,2026-06-09,"Google Chromium V8 out-of-bounds read and write vulnerability that could allow a remote attacker to execute arbitrary code inside a sandbox via a crafted HTML page. This vulnerability could affect multiple web browsers that utilize Chromium, including, but not limited to, Google Chrome, Microsoft Edge, and Opera.","Apply mitigations per vendor instructions, follow applicable BOD 22-01 guidance for cloud services, or discontinue use of the product if mitigations are unavailable.",2026-06-23,Unknown,https://chromereleases.googleblog.com/2026/06/stable-channel-update-for-desktop_0153744567.html ; https://issues.chromium.org/issues/506689381 ; https://nvd.nist.gov/vuln/detail/CVE-2026-11645,"CWE-787, CWE-125"
CVE-2026-7473,Arista,Extensible Operating System,Arista Extensible Operating System Incomplete Comparison with Missing Factors Vulnerability,2026-06-09,Arista Extensible Operating System (EOS) contains an incomplete comparison with missing factors vulnerability when the switch incorrectly decapsulate and forwards other unexpected tunneled packet with a destination IP matching its configured decapsulation IP.,"Apply mitigations per vendor instructions, follow applicable BOD 22-01 guidance for cloud services, or discontinue use of the product if mitigations are unavailable.",2026-06-23,Unknown,https://www.arista.com/en/support/advisories-notices/security-advisory/24005-security-advisory-0137 ; https://nvd.nist.gov/vuln/detail/CVE-2026-7473,CWE-1023
CVE-2026-20245,Cisco,Catalyst SD-WAN Manager,Cisco Catalyst SD-WAN Manager Improper Encoding or Escaping of Output Vulnerability,2026-06-09,"Cisco Catalyst SD-WAN Manager formerly SD-WAN vManage contains an improper encoding or escaping of output vulnerability. This vulnerability could allow an authenticated, local attacker to execute arbitrary commands as root by supplying a crafted file to the affected system.","Apply mitigations per vendor instructions, follow applicable BOD 22-01 guidance for cloud services, or discontinue use of the product if mitigations are unavailable.",2026-06-23,Unknown,https://sec.cloudapps.cisco.com/security/center/content/CiscoSecurityAdvisory/cisco-sa-sdwan-privesc-4uxFrdzx ; https://nvd.nist.gov/vuln/detail/CVE-2026-20245,CWE-116
CVE-2026-42271,BerriAI,LiteLLM,BerriAI LiteLLM Command Injection Vulnerability,2026-06-08,"BerriAI LiteLLM contains a command injection vulnerability that could allow any authenticated user, including holders of low-privilege internal-user keys, to run arbitrary commands on the host.","Apply mitigations per vendor instructions, follow applicable BOD 22-01 guidance for cloud services, or discontinue use of the product if mitigations are unavailable.",2026-06-22,Unknown,"This vulnerability affects a common open-source component, third-party library, or a protocol used by different products. Please check with specific vendors for information on patching status. For more information, please see: https://github.com/BerriAI/litellm/security/advisories/GHSA-v4p8-mg3p-g94g ; https://github.com/BerriAI/litellm/releases/tag/v1.83.7-stable ; https://nvd.nist.gov/vuln/detail/CVE-2026-42271","CWE-78, CWE-77"
CVE-2026-50751,Check Point,Security Gateway,Check Point Security Gateway Improper Authentication Vulnerability,2026-06-08,Check Point Security Gateway contains an improper authentication vulnerability in IKEv1 key exchange that could allow an unauthenticated remote attacker to bypass user authentication and establish a remote access VPN connection without a valid user password.,"Apply mitigations per vendor instructions, follow applicable BOD 22-01 guidance for cloud services, or discontinue use of the product if mitigations are unavailable.",2026-06-11,Known,https://blog.checkpoint.com/security/check-point-releases-important-hotfix-for-vulnerabilities-in-deprecated-ikev1-vpn-protocol/ ; https://support.checkpoint.com/results/sk/sk185033?_gl=1*1wqeqhc*_gcl_au*MTI1MzE5MjI2LjE3ODA5MzQ1NTM. ; https://nvd.nist.gov/vuln/detail/CVE-2026-50751,CWE-287
CVE-2026-28318,SolarWinds,Serv-U,SolarWinds Serv-U Uncontrolled Resource Consumption Vulnerability,2026-06-05,SolarWinds Serv-U contains an uncontrolled resource consumption vulnerability that allows specially crafted POST requests using the Content-Encoding: deflate header to crash the Serv-U service without authentication.,"Apply mitigations per vendor instructions, follow applicable BOD 22-01 guidance for cloud services, or discontinue use of the product if mitigations are unavailable.",2026-06-19,Unknown,https://www.solarwinds.com/trust-center/security-advisories/cve-2026-28318 ; https://documentation.solarwinds.com/en/success_center/servu/content/release_notes/servu_15-5-4-hotfix-1_release_notes.htm#link7 ; https://nvd.nist.gov/vuln/detail/CVE-2026-28318,CWE-400
CVE-2026-45247,Mirasvit,Mirasvit Full Page Cache Warmer,Mirasvit Full Page Cache Warmer Deserialization of Untrusted Data Vulnerability,2026-06-03,Mirasvit Full Page Cache Warmer contains a deserialization of untrusted data vulnerability that could allow unauthenticated attackers to achieve remote code execution by supplying a crafted serialized PHP object in the CacheWarmer cookie.,"Apply mitigations per vendor instructions, follow applicable BOD 22-01 guidance for cloud services, or discontinue use of the product if mitigations are unavailable.",2026-06-06,Unknown,https://mirasvit.com/package/changelog/?package=mirasvit/module-cache-warmer ; https://nvd.nist.gov/vuln/detail/CVE-2026-45247,CWE-502
CVE-2022-0492,Linux,Kernel,Linux Kernel Improper Authentication Vulnerability,2026-06-02,Linux Kernel contains an improper authentication vulnerability which could allow for privilege escalation via the cgroups v1 release_agent feature.,"Apply mitigations per vendor instructions, follow applicable BOD 22-01 guidance for cloud services, or discontinue use of the product if mitigations are unavailable.",2026-06-05,Unknown,"This vulnerability affects a common open-source component, third-party library, or a protocol used by different products. Please check with specific vendors for information on patching status. For more information, please see: https://git.kernel.org/pub/scm/linux/kernel/git/torvalds/linux.git/commit/?id=24f6008564183aa120d07c03d9289519c2fe02af ; https://www.kernel.org/ ; https://nvd.nist.gov/vuln/detail/CVE-2022-0492","CWE-287, CWE-862"
CVE-2025-48595,Android,Framework,Android Framework Integer Overflow Vulnerability,2026-06-02,Android Framework contains an integer overflow vulnerability that allows for code execution that could allow for local privilege escalation.,"Apply mitigations per vendor instructions, follow applicable BOD 22-01 guidance for cloud services, or discontinue use of the product if mitigations are unavailable.",2026-06-05,Unknown,https://source.android.com/docs/security/bulletin/2026/2026-06-01 ; https://nvd.nist.gov/vuln/detail/CVE-2025-48595,CWE-190
CVE-2024-21182,Oracle,WebLogic Server,Oracle WebLogic Server Unspecified Vulnerability,2026-06-01,"Oracle WebLogic contains an unspecified vulnerability that could allow an unauthenticated attacker with network access via T3, IIOP to compromise Oracle WebLogic Server. Successful attacks of this vulnerability can result in unauthorized access to critical data or complete access to all Oracle WebLogic Server accessible data.","Apply mitigations per vendor instructions, follow applicable BOD 22-01 guidance for cloud services, or discontinue use of the product if mitigations are unavailable.",2026-06-04,Unknown,https://www.oracle.com/security-alerts/cpujul2024.html ; https://nvd.nist.gov/vuln/detail/CVE-2024-21182,
CVE-2026-0257,Palo Alto Networks,PAN-OS,Palo Alto Networks PAN-OS Authentication Bypass Vulnerability,2026-05-29,Palo Alto Networks PAN-OS contains an authentication bypass vulnerability that allows attackers to bypass security restrictions and establish an unauthorized VPN connection.,"Apply mitigations per vendor instructions, follow applicable BOD 22-01 guidance for cloud services, or discontinue use of the product if mitigations are unavailable.",2026-06-01,Known,https://security.paloaltonetworks.com/CVE-2026-0257 ; https://nvd.nist.gov/vuln/detail/CVE-2026-0257,CWE-565
CVE-2026-48027,Nx,Nx Console,Nx Console Embedded Malicious Code Vulnerability,2026-05-27,Nx Console contains an embedded malicious code vulnerability that allowed a malicious version of Nx Console to be published. The compromised extension fetched an obfuscated payload that could harvested credentials from multiple sources on disk and in memory.,"Apply mitigations per vendor instructions, follow applicable BOD 22-01 guidance for cloud services, or discontinue use of the product if mitigations are unavailable.",2026-06-10,Known,"This vulnerability could affect an open-source component, third-party library, protocol, or proprietary implementation that could be used by different products. For more information, please see: https://github.com/nrwl/nx-console/security/advisories/GHSA-c9j4-9m59-847w ; https://nvd.nist.gov/vuln/detail/CVE-2026-48027",CWE-506
CVE-2026-45321,TanStack,TanStack,TanStack Unspecified Vulnerability,2026-05-27,TanStack contains an unspecified vulnerability that allowed malicious versions of the product to be published to the npm registry to publish credential-stealing malware under a trusted identity.,"Apply mitigations per vendor instructions, follow applicable BOD 22-01 guidance for cloud services, or discontinue use of the product if mitigations are unavailable.",2026-06-10,Known,"This vulnerability could affect an open-source component, third-party library, protocol, or proprietary implementation that could be used by different products. For more information, please see: https://github.com/TanStack/router/security/advisories/GHSA-g7cv-rxg3-hmpx ; https://nvd.nist.gov/vuln/detail/CVE-2026-45321",
CVE-2026-8398,Daemon,Daemon Tools Lite,Daemon Tools Lite Embedded Malicious Code Vulnerability,2026-05-27,"Daemon Tools contains an unspecified vulnerability that has a high impact on confidentiality, integrity, and availability.","Apply mitigations per vendor instructions, follow applicable BOD 22-01 guidance for cloud services, or discontinue use of the product if mitigations are unavailable.",2026-05-30,Unknown,https://blog.daemon-tools.cc/post/security-incident ; https://nvd.nist.gov/vuln/detail/CVE-2026-8398,CWE-506
CVE-2026-48172,LiteSpeed,cPanel Plugin,LiteSpeed cPanel Plugin Privilege Escalation Vulnerability,2026-05-26,"LiteSpeed cPanel Plugin contains privilege escalation vulnerability that is exposed via the user-end cPanel plugin, which can be abused by any cPanel user account to execute arbitrary scripts with root privileges.","Apply mitigations per vendor instructions, follow applicable BOD 22-01 guidance for cloud services, or discontinue use of the product if mitigations are unavailable.",2026-05-29,Unknown,https://blog.litespeedtech.com/2026/05/21/security-update-for-litespeed-cpanel-plugin/ ; https://nvd.nist.gov/vuln/detail/CVE-2026-48172,CWE-266
CVE-2026-9082,Drupal,Core,Drupal Core SQL Injection Vulnerability,2026-05-22,Drupal Core contains a SQL injection vulnerability that could allow for privilege escalation and remote code execution via specially crafted requests sent with the database abstraction API.,"Apply mitigations per vendor instructions, follow applicable BOD 22-01 guidance for cloud services, or discontinue use of the product if mitigations are unavailable.",2026-05-27,Unknown,https://www.drupal.org/sa-core-2026-004 ; https://nvd.nist.gov/vuln/detail/CVE-2026-9082,CWE-89
CVE-2025-34291,Langflow,Langflow,Langflow Origin Validation Error Vulnerability,2026-05-21,Langflow contains an origin validation error vulnerability in which an overly permissive CORS configuration combined with a refresh token cookie configured as SameSite=None allows a malicious webpage to perform cross-origin requests that include credentials and successfully call the refresh endpoint. This could allow the attacker to execute arbitrary code and achieve full system compromise via obtained tokens that permit access to authenticated endpoints.,"Apply mitigations per vendor instructions, follow applicable BOD 22-01 guidance for cloud services, or discontinue use of the product if mitigations are unavailable.",2026-06-04,Unknown,"This vulnerability could affect an open-source component, third-party library, protocol, or proprietary implementation that could be used by different products. For more information, please see: https://github.com/langflow-ai/langflow ; https://github.com/langflow-ai/langflow/releases/tag/v1.9.3; https://github.com/langflow-ai/langflow/issues/11465#event-25774545848 ; https://nvd.nist.gov/vuln/detail/CVE-2025-34291",CWE-346
CVE-2026-34926,Trend Micro,Apex One,Trend Micro Apex One (On-Premise) Directory Traversal Vulnerability,2026-05-21,Trend Micro Apex One (on-premise) contains a directory traversal vulnerability that could allow a pre-authenticated local attacker to modify a key table on the server to inject malicious code to deploy to agents on affected installations.,"Apply mitigations per vendor instructions, follow applicable BOD 22-01 guidance for cloud services, or discontinue use of the product if mitigations are unavailable.",2026-06-04,Unknown,https://success.trendmicro.com/en-US/solution/KA-0023430 ; https://nvd.nist.gov/vuln/detail/CVE-2026-34926,CWE-23
CVE-2008-4250,Microsoft,Windows,Microsoft Windows Buffer Overflow Vulnerability,2026-05-20,Microsoft Windows contains a buffer overflow vulnerability in the Windows Server Service that allows remote attackers to execute arbitrary code via a crafted RPC request that triggers an overflow during path canonicalization.,"Apply mitigations per vendor instructions, follow applicable BOD 22-01 guidance for cloud services, or discontinue use of the product if mitigations are unavailable.",2026-06-03,Unknown,https://learn.microsoft.com/en-us/security-updates/securitybulletins/2008/ms08-067 ; https://nvd.nist.gov/vuln/detail/CVE-2008-4250,CWE-94
CVE-2009-1537,Microsoft,DirectX,Microsoft DirectX NULL Byte Overwrite Vulnerability,2026-05-20,Microsoft DirectX contains a NULL byte overwrite vulnerability in the QuickTime Movie Parser Filter in quartz.dll in DirectShow which could allow remote attackers to execute arbitrary code via a crafted QuickTime media file.,"Apply mitigations per vendor instructions, follow applicable BOD 22-01 guidance for cloud services, or discontinue use of the product if mitigations are unavailable.",2026-06-03,Unknown,https://learn.microsoft.com/en-us/security-updates/securitybulletins/2009/ms09-028 ; https://nvd.nist.gov/vuln/detail/CVE-2009-1537,
CVE-2009-3459,Adobe,Acrobat and Reader,Adobe Acrobat and Reader Heap-Based Buffer Overflow Vulnerability,2026-05-20,Adobe Acrobat and Reader contain a heap-based buffer overflow vulnerability which could allow remote attackers to execute arbitrary code via a crafted PDF file that triggers memory corruption.,"Apply mitigations per vendor instructions, follow applicable BOD 22-01 guidance for cloud services, or discontinue use of the product if mitigations are unavailable.",2026-06-03,Unknown,"https://www.cisa.gov/news-events/alerts/2009/10/13/adobe-reader-and-acrobat-vulnerabilities ; https://web.archive.org/web/20120324170253/http://www.adobe.com/support/security/bulletins/apsb09-15.html#:~:text=CVE%2D2009%2D3459).-,NOTE%3A,-There%20are%20reports ; https://nvd.nist.gov/vuln/detail/CVE-2009-3459",CWE-119
CVE-2010-0249,Microsoft,Internet Explorer,Microsoft Internet Explorer Use-After-Free Vulnerability,2026-05-20,Microsoft Internet Explorer contains an use-after-free vulnerability that could allow remote attackers to execute arbitrary code by accessing a pointer associated with a deleted object. The impacted product could be end-of-life (EoL) and/or end-of-service (EoS). Users should discontinue product utilization.,"Apply mitigations per vendor instructions, follow applicable BOD 22-01 guidance for cloud services, or discontinue use of the product if mitigations are unavailable.",2026-06-03,Unknown,https://learn.microsoft.com/en-us/security-updates/SecurityAdvisories/2010/979352 ; https://nvd.nist.gov/vuln/detail/CVE-2010-0249,CWE-416
CVE-2010-0806,Microsoft,Internet Explorer,Microsoft Internet Explorer Use-After-Free Vulnerability,2026-05-20,Microsoft Internet Explorer contains an use-after-free vulnerability that could allow remote attackers to execute arbitrary code via vectors involving access to an invalid pointer after the deletion of an object. The impacted product could be end-of-life (EoL) and/or end-of-service (EoS). Users should discontinue product utilization.,"Apply mitigations per vendor instructions, follow applicable BOD 22-01 guidance for cloud services, or discontinue use of the product if mitigations are unavailable.",2026-06-03,Unknown,https://learn.microsoft.com/en-us/security-updates/securityadvisories/2010/981374 ; https://nvd.nist.gov/vuln/detail/CVE-2010-0806,CWE-399
CVE-2026-41091,Microsoft,Defender,Microsoft Defender Link Following Vulnerability,2026-05-20,Microsoft Defender contains a link following vulnerability that allows an authorized attacker to elevate privileges locally.,"Apply mitigations per vendor instructions, follow applicable BOD 22-01 guidance for cloud services, or discontinue use of the product if mitigations are unavailable.",2026-06-03,Unknown,https://msrc.microsoft.com/update-guide/en-US/vulnerability/CVE-2026-41091 ; https://nvd.nist.gov/vuln/detail/CVE-2026-41091,CWE-59
CVE-2026-45498,Microsoft,Defender,Microsoft Defender Denial of Service Vulnerability,2026-05-20,Microsoft Defender contains an unspecified vulnerability that allows for denial of service.,"Apply mitigations per vendor instructions, follow applicable BOD 22-01 guidance for cloud services, or discontinue use of the product if mitigations are unavailable.",2026-06-03,Unknown,https://msrc.microsoft.com/update-guide/en-US/vulnerability/CVE-2026-45498 ; https://nvd.nist.gov/vuln/detail/CVE-2026-45498,
CVE-2026-42897,Microsoft,Microsoft,Microsoft Exchange Server Cross-Site Scripting Vulnerability,2026-05-15,"Microsoft Exchange Server contains a cross-site scripting vulnerability during web page generation in Outlook Web Access and when certain interaction conditions are met, arbitrary JavaScript can be executed in the browser context.","Apply mitigations per vendor instructions, follow applicable BOD 22-01 guidance for cloud services, or discontinue use of the product if mitigations are unavailable.",2026-05-29,Unknown,https://msrc.microsoft.com/update-guide/en-US/vulnerability/CVE-2026-42897 ; https://learn.microsoft.com/en-us/exchange/plan-and-deploy/post-installation-tasks/security-best-practices/exchange-emergency-mitigation-service ; https://nvd.nist.gov/vuln/detail/CVE-2026-42897,CWE-79
CVE-2026-20182,Cisco,Catalyst SD-WAN,Cisco Catalyst SD-WAN Controller Authentication Bypass Vulnerability,2026-05-14,"Cisco Catalyst SD-WAN Controller & Manager contain an authentication bypass vulnerability that allows an unauthenticated, remote attacker to bypass authentication and obtain administrative privileges on an affected system.",Please adhere to CISA’s guidelines to assess exposure and mitigate risks associated with Cisco SD-WAN devices as outlined in CISA’s Emergency Directive 26-03 (URL listed below in Notes) and CISA’s Hunt & Hardening Guidance for Cisco SD-WAN Devices (URL listed below in Notes). Adhere to the applicable BOD 22-01 guidance for cloud services or discontinue use of the product if mitigations are not available.,2026-05-17,Unknown,CISA Mitigation Instructions: https://www.cisa.gov/news-events/directives/ed-26-03-mitigate-vulnerabilities-cisco-sd-wan-systems ; https://www.cisa.gov/news-events/directives/supplemental-direction-ed-26-03-hunt-and-hardening-guidance-cisco-sd-wan-systems ; https://sec.cloudapps.cisco.com/security/center/content/CiscoSecurityAdvisory/cisco-sa-sdwan-rpa2-v69WY2SW ; https://nvd.nist.gov/vuln/detail/CVE-2026-20182,CWE-287
CVE-2026-42208,BerriAI,LiteLLM,BerriAI LiteLLM SQL Injection Vulnerability,2026-05-08,"BerriAI LiteLLM contains a SQL injection vulnerability that allows an attacker to read data from the proxy's database and potentially modify it, leading to unauthorized access to the proxy and the credentials it manages.","Apply mitigations per vendor instructions, follow applicable BOD 22-01 guidance for cloud services, or discontinue use of the product if mitigations are unavailable.",2026-05-11,Unknown,https://github.com/BerriAI/litellm/security/advisories/GHSA-r75f-5x8p-qvmc ; https://nvd.nist.gov/vuln/detail/CVE-2026-42208,CWE-89
CVE-2026-6973,Ivanti,Endpoint Manager Mobile (EPMM),Ivanti Endpoint Manager Mobile (EPMM) Improper Input Validation Vulnerability,2026-05-07,Ivanti Endpoint Manager Mobile (EPMM) contains an improper input validation vulnerability that allows a remotely authenticated user with administrative access to achieve remote code execution.,"Apply mitigations per vendor instructions, follow applicable BOD 22-01 guidance for cloud services, or discontinue use of the product if mitigations are unavailable.",2026-05-10,Unknown,https://hub.ivanti.com/s/article/May-2026-Security-Advisory-Ivanti-Endpoint-Manager-Mobile-EPMM-Multiple-CVEs?language=en_US ; https://nvd.nist.gov/vuln/detail/CVE-2026-6973,CWE-20
CVE-2026-0300,Palo Alto Networks,PAN-OS,Palo Alto Networks PAN-OS Out-of-bounds Write Vulnerability,2026-05-06,Palo Alto Networks PAN-OS contains an out-of-bounds write vulnerability in the User-ID Authentication Portal (aka Captive Portal) service that can allow an unauthenticated attacker to execute arbitrary code with root privileges on the PA-Series and VM-Series firewalls by sending specially crafted packets.,"Apply mitigations per vendor instructions, follow applicable BOD 22-01 guidance for cloud services, or discontinue use of the product if mitigations are unavailable. Until the vendor releases an official fix, the following workaround should be implemented:  - Restrict User-ID Authentication Portal access to only trusted zones.  - Disable User-ID Authentication Portal if not required. 5/13/2026: Palo Alto has released a variety of patches. If these are relevant to your environment, please apply the designated patch.",2026-05-09,Unknown,https://security.paloaltonetworks.com/CVE-2026-0300 ; https://nvd.nist.gov/vuln/detail/CVE-2026-0300,CWE-787
CVE-2026-31431,Linux,Kernel,Linux Kernel Incorrect Resource Transfer Between Spheres Vulnerability,2026-05-01,Linux Kernel contains an incorrect resource transfer between spheres vulnerability that could allow for privilege escalation.,"""Apply mitigations per vendor instructions, follow applicable BOD 22-01 guidance for cloud services, or discontinue use of the product if mitigations are unavailable.",2026-05-15,Unknown,https://lore.kernel.org/linux-cve-announce/2026042214-CVE-2026-31431-3d65@gregkh/; https://xint.io/blog/copy-fail-linux-distributions#the-fix-6 ; https://git.kernel.org/pub/scm/linux/kernel/git/stable/linux.git/about/ ; https://nvd.nist.gov/vuln/detail/CVE-2026-31431,CWE-669
CVE-2026-41940,WebPros,cPanel & WHM and WP2 (WordPress Squared),WebPros cPanel & WHM and WP2 (WordPress Squared) Missing Authentication for Critical Function Vulnerability,2026-04-30,WebPros cPanel & WHM (WebHost Manager) and WP2 (WordPress Squared) contain an authentication bypass vulnerability in the login flow that allows unauthenticated remote attackers to gain unauthorized access to the control panel.,"Apply mitigations per vendor instructions, follow applicable BOD 22-01 guidance for cloud services, or discontinue use of the product if mitigations are unavailable.",2026-05-03,Known,"https://support.cpanel.net/hc/en-us/articles/40073787579671-cPanel-WHM-Security-Update-04-28-2026 ; https://docs.cpanel.net/release-notes/release-notes/ ; https://docs.wpsquared.com/changelogs/versions/changelog/#13617 ; https://nvd.nist.gov/vuln/detail/CVE-2026-41940""",CWE-306
CVE-2024-1708,ConnectWise,ScreenConnect,ConnectWise ScreenConnect Path Traversal Vulnerability,2026-04-28,ConnectWise ScreenConnect contains a path traversal vulnerability which could allow an attacker to execute remote code or directly impact confidential data and critical systems.,"Apply mitigations per vendor instructions, follow applicable BOD 22-01 guidance for cloud services, or discontinue use of the product if mitigations are unavailable.",2026-05-12,Known,https://www.connectwise.com/company/trust/security-bulletins/connectwise-screenconnect-23.9.8 ; https://nvd.nist.gov/vuln/detail/CVE-2024-1708,CWE-22
CVE-2026-32202,Microsoft,Windows,Microsoft Windows Protection Mechanism Failure Vulnerability,2026-04-28,Microsoft Windows Shell contains a protection mechanism failure vulnerability that allows an unauthorized attacker to perform spoofing over a network.,"Apply mitigations per vendor instructions, follow applicable BOD 22-01 guidance for cloud services, or discontinue use of the product if mitigations are unavailable.",2026-05-12,Unknown,https://msrc.microsoft.com/update-guide/en-US/vulnerability/CVE-2026-32202 ; https://nvd.nist.gov/vuln/detail/CVE-2026-32202,CWE-693
CVE-2025-29635,D-Link,DIR-823X,D-Link DIR-823X Command Injection Vulnerability,2026-04-24,D-Link DIR-823X contains a command injection vulnerability that allows an authorized attacker to execute arbitrary commands on remote devices by sending a POST request to /goform/set_prohibiting via the corresponding function. The impacted product could be end-of-life (EoL) and/or end-of-service (EoS). Users should discontinue product utilization.,"Apply mitigations per vendor instructions, follow applicable BOD 22-01 guidance for cloud services, or discontinue use of the product if mitigations are unavailable.",2026-05-08,Unknown,https://supportannouncement.us.dlink.com/security/publication.aspx?name=SAP10469 ; https://nvd.nist.gov/vuln/detail/CVE-2025-29635,CWE-77
CVE-2024-7399,Samsung,MagicINFO 9 Server,Samsung MagicINFO 9 Server Path Traversal Vulnerability,2026-04-24,Samsung MagicINFO 9 Server contains a path traversal vulnerability that could allow an attacker to write arbitrary files as system authority.,"Apply mitigations per vendor instructions, follow applicable BOD 22-01 guidance for cloud services, or discontinue use of the product if mitigations are unavailable.",2026-05-08,Unknown,https://security.samsungtv.com/securityUpdates ; https://nvd.nist.gov/vuln/detail/CVE-2024-7399,"CWE-22, CWE-434"
CVE-2024-57728,SimpleHelp ,SimpleHelp,SimpleHelp Path Traversal Vulnerability,2026-04-24,SimpleHelp contains a path traversal vulnerability that allows admin users to upload arbitrary files anywhere on the file system by uploading a crafted zip file (i.e. zip slip). This can be exploited to execute arbitrary code on the host in the context of the SimpleHelp server user.,"Apply mitigations per vendor instructions, follow applicable BOD 22-01 guidance for cloud services, or discontinue use of the product if mitigations are unavailable.",2026-05-08,Known,https://simple-help.com/kb---security-vulnerabilities-01-2025#security-vulnerabilities-in-simplehelp-5-5-7-and-earlier ; https://nvd.nist.gov/vuln/detail/CVE-2024-57728,CWE-22
CVE-2024-57726,SimpleHelp ,SimpleHelp,SimpleHelp Missing Authorization Vulnerability,2026-04-24,SimpleHelp contains a missing authorization vulnerability that could allow low-privileged technicians to create API keys with excessive permissions. These API keys can be used to escalate privileges to the server admin role.,"Apply mitigations per vendor instructions, follow applicable BOD 22-01 guidance for cloud services, or discontinue use of the product if mitigations are unavailable.",2026-05-08,Known,https://simple-help.com/kb---security-vulnerabilities-01-2025#security-vulnerabilities-in-simplehelp-5-5-7-and-earlier ; https://nvd.nist.gov/vuln/detail/CVE-2024-57726,CWE-862
CVE-2026-39987,Marimo,Marimo,Marimo Remote Code Execution Vulnerability,2026-04-23,"Marimo contains an pre-authorization remote code execution vulnerability, allowing an unauthenticated attacked to shell access and execute arbitrary system commands.","Apply mitigations per vendor instructions, follow applicable BOD 22-01 guidance for cloud services, or discontinue use of the product if mitigations are unavailable.",2026-05-07,Unknown,https://github.com/marimo-team/marimo/security/advisories/GHSA-2679-6mx9-h9xc ; https://nvd.nist.gov/vuln/detail/CVE-2026-39987,CWE-306
CVE-2026-33825,Microsoft,Defender,Microsoft Defender Insufficient Granularity of Access Control Vulnerability,2026-04-22,Microsoft Defender contains an insufficient granularity of access control vulnerability that could allow an authorized attacker to escalate privileges locally.,"Apply mitigations per vendor instructions, follow applicable BOD 22-01 guidance for cloud services, or discontinue use of the product if mitigations are unavailable.",2026-05-06,Known,https://msrc.microsoft.com/update-guide/vulnerability/CVE-2026-33825 ; https://nvd.nist.gov/vuln/detail/CVE-2026-33825,CWE-1220
CVE-2026-20122,Cisco,Catalyst SD-WAN Manger,Cisco Catalyst SD-WAN Manager Incorrect Use of Privileged APIs Vulnerability,2026-04-20,Cisco Catalyst SD-WAN Manager contains an incorrect use of privileged APIs vulnerability due to improper file handling on the API interface of an affected system. An attacker could exploit this vulnerability by uploading a malicious file on the local file system. A successful exploit could allow the attacker to overwrite arbitrary files on the affected system and gain vmanage user privileges.,Please adhere to CISA’s guidelines to assess exposure and mitigate risks associated with Cisco SD-WAN devices as outlines in CISA’s Emergency Directive 26-03 (URL listed below in Notes) and CISA’s “Hunt & Hardening Guidance for Cisco SD-WAN Devices (URL listed below in Notes). Adhere to the applicable BOD 22-01 guidance for cloud services or discontinue use of the product if mitigations are not available.,2026-04-23,Unknown,CISA Mitigation Instructions: https://www.cisa.gov/news-events/directives/ed-26-03-mitigate-vulnerabilities-cisco-sd-wan-systems ; https://www.cisa.gov/news-events/directives/supplemental-direction-ed-26-03-hunt-and-hardening-guidance-cisco-sd-wan-systems ; https://sec.cloudapps.cisco.com/security/center/content/CiscoSecurityAdvisory/cisco-sa-sdwan-authbp-qwCX8D4v ; https://nvd.nist.gov/vuln/detail/CVE-2026-20122,CWE-648
CVE-2026-20133,Cisco,Catalyst SD-WAN Manager,Cisco Catalyst SD-WAN Manager Exposure of Sensitive Information to an Unauthorized Actor Vulnerability,2026-04-20,Cisco Catalyst SD-WAN Manager contains an exposure of sensitive information to an unauthorized actor vulnerability that could allow remote attackers to view sensitive information on affected systems.,Please adhere to CISA’s guidelines to assess exposure and mitigate risks associated with Cisco SD-WAN devices as outlines in CISA’s Emergency Directive 26-03 (URL listed below in Notes) and CISA’s “Hunt & Hardening Guidance for Cisco SD-WAN Devices (URL listed below in Notes). Adhere to the applicable BOD 22-01 guidance for cloud services or discontinue use of the product if mitigations are not available.,2026-04-23,Unknown,CISA Mitigation Instructions: https://www.cisa.gov/news-events/directives/ed-26-03-mitigate-vulnerabilities-cisco-sd-wan-systems ; https://www.cisa.gov/news-events/directives/supplemental-direction-ed-26-03-hunt-and-hardening-guidance-cisco-sd-wan-systems ; https://sec.cloudapps.cisco.com/security/center/content/CiscoSecurityAdvisory/cisco-sa-sdwan-authbp-qwCX8D4v ; https://nvd.nist.gov/vuln/detail/CVE-2026-20133,CWE-200
CVE-2025-2749,Kentico,Kentico Xperience,Kentico Xperience Path Traversal Vulnerability,2026-04-20,Kentico Xperience contains a path traversal vulnerability that could allow an authenticated user's Staging Sync Server to upload arbitrary data to path relative locations.,"Apply mitigations per vendor instructions, follow applicable BOD 22-01 guidance for cloud services, or discontinue use of the product if mitigations are unavailable.",2026-05-04,Unknown,https://devnet.kentico.com/download/hotfixes ; https://nvd.nist.gov/vuln/detail/CVE-2025-2749,"CWE-22, CWE-434"
CVE-2023-27351,PaperCut,NG/MF,PaperCut NG/MF Improper Authentication Vulnerability,2026-04-20,PaperCut NG/MF contains an improper authentication vulnerability that could allow remote attackers to bypass authentication on affected installations via the SecurityRequestFilter class.,"Apply mitigations per vendor instructions, follow applicable BOD 22-01 guidance for cloud services, or discontinue use of the product if mitigations are unavailable.",2026-05-04,Known,https://www.papercut.com/kb/Main/PO-1216-and-PO-1219 ; https://nvd.nist.gov/vuln/detail/CVE-2023-27351,CWE-287
CVE-2025-48700,Synacor,Zimbra Collaboration Suite (ZCS),Synacor Zimbra Collaboration Suite (ZCS) Cross-site Scripting Vulnerability,2026-04-20,"Synacor Zimbra Collaboration Suite (ZCS) contains a cross-site scripting vulnerability that could allow attackers to execute arbitrary JavaScript within the user's session, potentially leading to unauthorized access to sensitive information.","Apply mitigations per vendor instructions, follow applicable BOD 22-01 guidance for cloud services, or discontinue use of the product if mitigations are unavailable.",2026-04-23,Unknown,https://wiki.zimbra.com/wiki/Zimbra_Security_Advisories ; https://nvd.nist.gov/vuln/detail/CVE-2025-48700,CWE-79
CVE-2026-20128,Cisco,Catalyst SD-WAN Manager,Cisco Catalyst SD-WAN Manager Storing Passwords in a Recoverable Format Vulnerability,2026-04-20,"Cisco Catalyst SD-WAN Manager contains a storing passwords in a recoverable format vulnerability that allows an authenticated, local attacker to gain DCA user privileges by accessing a credential file for the DCA user on the filesystem as a low-privileged user.",Please adhere to CISA’s guidelines to assess exposure and mitigate risks associated with Cisco SD-WAN devices as outlines in CISA’s Emergency Directive 26-03 (URL listed below in Notes) and CISA’s “Hunt & Hardening Guidance for Cisco SD-WAN Devices (URL listed below in Notes). Adhere to the applicable BOD 22-01 guidance for cloud services or discontinue use of the product if mitigations are not available.,2026-04-23,Unknown,CISA Mitigation Instructions: https://www.cisa.gov/news-events/directives/ed-26-03-mitigate-vulnerabilities-cisco-sd-wan-systems ; https://www.cisa.gov/news-events/directives/supplemental-direction-ed-26-03-hunt-and-hardening-guidance-cisco-sd-wan-systems ; https://sec.cloudapps.cisco.com/security/center/content/CiscoSecurityAdvisory/cisco-sa-sdwan-authbp-qwCX8D4v ; https://nvd.nist.gov/vuln/detail/CVE-2026-20128,CWE-257
CVE-2025-32975,Quest,KACE Systems Management Appliance (SMA),Quest KACE Systems Management Appliance (SMA) Improper Authentication Vulnerability,2026-04-20,Quest KACE Systems Management Appliance (SMA) contains an improper authentication vulnerability that could allow attackers to impersonate legitimate users without valid credentials.,"Apply mitigations per vendor instructions, follow applicable BOD 22-01 guidance for cloud services, or discontinue use of the product if mitigations are unavailable.",2026-05-04,Unknown,https://support.quest.com/kb/4379499/quest-response-to-kace-sma-vulnerabilities-cve-2025-32975-cve-2025-32976-cve-2025-32977-cve-2025-32978 ; https://nvd.nist.gov/vuln/detail/CVE-2025-32975,CWE-287
CVE-2024-27199,JetBrains,TeamCity,JetBrains TeamCity Relative Path Traversal Vulnerability,2026-04-20,JetBrains TeamCity contains a relative path traversal vulnerability that could allow limited admin actions to be performed.,"Apply mitigations per vendor instructions, follow applicable BOD 22-01 guidance for cloud services, or discontinue use of the product if mitigations are unavailable.",2026-05-04,Known,https://www.jetbrains.com/privacy-security/issues-fixed/ ; https://blog.jetbrains.com/teamcity/2024/03/additional-critical-security-issues-affecting-teamcity-on-premises-cve-2024-27198-and-cve-2024-27199-update-to-2023-11-4-now/ ; https://nvd.nist.gov/vuln/detail/CVE-2024-27199,CWE-23
CVE-2026-34197,Apache,ActiveMQ,Apache ActiveMQ Improper Input Validation Vulnerability,2026-04-16,Apache ActiveMQ contains an improper input validation vulnerability that allows for code injection.,"Apply mitigations per vendor instructions, follow applicable BOD 22-01 guidance for cloud services, or discontinue use of the product if mitigations are unavailable.",2026-04-30,Unknown,https://activemq.apache.org/security-advisories.data/CVE-2026-34197-announcement.txt ; https://nvd.nist.gov/vuln/detail/CVE-2026-34197,"CWE-20, CWE-94"
CVE-2009-0238,Microsoft,Office,Microsoft Office Remote Code Execution,2026-04-14,Microsoft Office Excel contains a remote code execution vulnerability that could allow an attacker to take complete control of an affected system if a user opens a specially crafted Excel file that includes a malformed object.,"Apply mitigations per vendor instructions, follow applicable BOD 22-01 guidance for cloud services, or discontinue use of the product if mitigations are unavailable.",2026-04-28,Unknown,https://learn.microsoft.com/en-us/security-updates/securitybulletins/2009/ms09-009 ; https://nvd.nist.gov/vuln/detail/CVE-2009-0238,CWE-94
CVE-2026-32201,Microsoft,SharePoint Server,Microsoft SharePoint Server Improper Input Validation Vulnerability,2026-04-14,Microsoft SharePoint Server contains an improper input validation vulnerability that allows an unauthorized attacker to perform spoofing over a network.,"Apply mitigations per vendor instructions, follow applicable BOD 22-01 guidance for cloud services, or discontinue use of the product if mitigations are unavailable.",2026-04-28,Unknown,https://msrc.microsoft.com/update-guide/en-US/vulnerability/CVE-2026-32201 ; https://nvd.nist.gov/vuln/detail/CVE-2026-32201,CWE-20
CVE-2012-1854,Microsoft,Visual Basic for Applications (VBA),Microsoft Visual Basic for Applications Insecure Library Loading Vulnerability,2026-04-13,Microsoft Visual Basic for Applications (VBA) contains an insecure library loading vulnerability that could allow for remote code execution.,"Apply mitigations per vendor instructions, follow applicable BOD 22-01 guidance for cloud services, or discontinue use of the product if mitigations are unavailable.",2026-04-27,Unknown,https://learn.microsoft.com/en-us/security-updates/securitybulletins/2012/ms12-046 ; https://nvd.nist.gov/vuln/detail/CVE-2012-1854,CWE-426
CVE-2025-60710,Microsoft,Windows,Microsoft Windows Link Following Vulnerability,2026-04-13,Microsoft Windows contains a link following vulnerability that allows for privilege escalation,"Apply mitigations per vendor instructions, follow applicable BOD 22-01 guidance for cloud services, or discontinue use of the product if mitigations are unavailable.",2026-04-27,Known,https://msrc.microsoft.com/update-guide/vulnerability/CVE-2025-60710 ; https://nvd.nist.gov/vuln/detail/CVE-2025-60710,CWE-59
CVE-2023-21529,Microsoft,Exchange Server,Microsoft Exchange Server Deserialization of Untrusted Data Vulnerability,2026-04-13,Microsoft Exchange Server contains a deserialization of untrusted data that allows an authenticated attacker to achieve remote code execution.,"Apply mitigations per vendor instructions, follow applicable BOD 22-01 guidance for cloud services, or discontinue use of the product if mitigations are unavailable.",2026-04-27,Known,https://msrc.microsoft.com/update-guide/vulnerability/CVE-2023-21529 ; https://nvd.nist.gov/vuln/detail/CVE-2023-21529,CWE-502
CVE-2023-36424,Microsoft,Windows,Microsoft Windows Out-of-Bounds Read Vulnerability,2026-04-13,Microsoft Windows Common Log File System Driver contains an out-of-bounds read vulnerability that could allow a threat actor for privileges escalation,"Apply mitigations per vendor instructions, follow applicable BOD 22-01 guidance for cloud services, or discontinue use of the product if mitigations are unavailable.",2026-04-27,Unknown,https://msrc.microsoft.com/update-guide/en-US/advisory/CVE-2023-36424 ; https://nvd.nist.gov/vuln/detail/CVE-2023-36424,CWE-125
CVE-2020-9715,Adobe,Acrobat,Adobe Acrobat Use-After-Free Vulnerability,2026-04-13,Adobe Acrobat contains a use-after-free vulnerability that allows for code execution,"Apply mitigations per vendor instructions, follow applicable BOD 22-01 guidance for cloud services, or discontinue use of the product if mitigations are unavailable.",2026-04-27,Unknown,https://helpx.adobe.com/security/products/acrobat/apsb20-48.html ; https://nvd.nist.gov/vuln/detail/CVE-2020-9715,CWE-416
CVE-2026-21643,Fortinet,FortiClient EMS,Fortinet FortiClient EMS SQL Injection Vulnerability,2026-04-13,Fortinet FortiClient EMS contains a SQL injection vulnerability that may allow an unauthenticated attacker to execute unauthorized code or commands via specifically crafted HTTP requests.,"Apply mitigations per vendor instructions, follow applicable BOD 22-01 guidance for cloud services, or discontinue use of the product if mitigations are unavailable.",2026-04-16,Unknown,https://fortiguard.fortinet.com/psirt/FG-IR-25-1142 ; https://nvd.nist.gov/vuln/detail/CVE-2026-21643,CWE-89
CVE-2026-34621,Adobe,Acrobat and Reader,Adobe Acrobat and Reader Prototype Pollution Vulnerability,2026-04-13,Adobe Acrobat and Reader contain a prototype pollution vulnerability that allows for arbitrary code execution.,"Apply mitigations per vendor instructions, follow applicable BOD 22-01 guidance for cloud services, or discontinue use of the product if mitigations are unavailable.",2026-04-27,Unknown,https://helpx.adobe.com/security/products/acrobat/apsb26-43.html ; https://nvd.nist.gov/vuln/detail/CVE-2026-34621,CWE-1321
CVE-2026-1340,Ivanti,Endpoint Manager Mobile (EPMM),Ivanti Endpoint Manager Mobile (EPMM) Code Injection Vulnerability,2026-04-08,Ivanti Endpoint Manager Mobile (EPMM) contains a code injection vulnerability that could allow attackers to achieve unauthenticated remote code execution.,"Apply mitigations per vendor instructions, follow applicable BOD 22-01 guidance for cloud services, or discontinue use of the product if mitigations are unavailable.",2026-04-11,Unknown,Please adhere to Ivanti's guidelines to assess exposure and mitigate risks. Check for signs of potential compromise on all internet accessible Ivanti products affected by this vulnerability. Apply any final mitigations provided by the vendor as soon as possible. For more information please see: https://hub.ivanti.com/s/article/Security-Advisory-Ivanti-Endpoint-Manager-Mobile-EPMM-CVE-2026-1281-CVE-2026-1340?language=en_US ; https://support.mobileiron.com/mi/vsp/AB1786671/ivanti-security-update-1761642-1.1.0S-5.noarch.rpm ; https://support.mobileiron.com/mi/vsp/AB1786671/ivanti-security-update-1761642-1.1.0L-5.noarch.rpm ; https://nvd.nist.gov/vuln/detail/CVE-2026-1340,CWE-94
CVE-2026-35616,Fortinet,FortiClient EMS,Fortinet FortiClient EMS Improper Access Control Vulnerability,2026-04-06,Fortinet FortiClient EMS contains an improper access control vulnerability that may allow an unauthenticated attacker to execute unauthorized code or commands via crafted requests.,"Apply mitigations per vendor instructions, follow applicable BOD 22-01 guidance for cloud services, or discontinue use of the product if mitigations are unavailable.",2026-04-09,Unknown,Please adhere to Fortinet's guidelines to assess exposure and mitigate risks. Check for signs of potential compromise on all internet accessible Fortinet products affected by this vulnerability. Apply any final mitigations provided by the vendor as soon as they become available. For more information please see: https://fortiguard.fortinet.com/psirt/FG-IR-26-099 ; https://nvd.nist.gov/vuln/detail/CVE-2026-35616,CWE-284
CVE-2026-3502,TrueConf,Client,TrueConf Client Download of Code Without Integrity Check Vulnerability,2026-04-02,"TrueConf Client contains a download of code without integrity check vulnerability. An attacker who is able to influence the update delivery path can substitute a tampered update payload. If the payload is executed or installed by the updater, this may result in arbitrary code execution in the context of the updating process or user.","Apply mitigations per vendor instructions, follow applicable BOD 22-01 guidance for cloud services, or discontinue use of the product if mitigations are unavailable.",2026-04-16,Unknown,https://trueconf.com/blog/update/trueconf-8-5 ; https://trueconf.com/downloads/windows.html ; https://nvd.nist.gov/vuln/detail/CVE-2026-3502,CWE-494
CVE-2026-5281,Google,Dawn,Google Dawn Use-After-Free Vulnerability,2026-04-01,"Google Dawn contains an use-after-free vulnerability that could allow a remote attacker who had compromised the renderer process to execute arbitrary code via a crafted HTML page. This vulnerability could affect multiple Chromium-based products including, but not limited to, Google Chrome, Microsoft Edge, and Opera.","Apply mitigations per vendor instructions, follow applicable BOD 22-01 guidance for cloud services, or discontinue use of the product if mitigations are unavailable.",2026-04-15,Unknown,"This vulnerability affects an open-source component, third-party library, protocol, or proprietary implementation that could be used by different products. For more information, please see: https://chromereleases.googleblog.com/2026/03/stable-channel-update-for-desktop_31.html ; https://nvd.nist.gov/vuln/detail/CVE-2026-5281 ",CWE-416
CVE-2026-3055,Citrix,NetScaler,Citrix NetScaler Out-of-Bounds Read Vulnerability,2026-03-30,"Citrix NetScaler ADC (formerly Citrix ADC), NetScaler Gateway (formerly Citrix Gateway) and NetScaler ADC FIPS and NDcPP contain an out-of-bounds reads vulnerability when configured as a SAML IDP leading to memory overread.","Apply mitigations per vendor instructions, follow applicable BOD 22-01 guidance for cloud services, or discontinue use of the product if mitigations are unavailable.",2026-04-02,Unknown,https://support.citrix.com/support-home/kbsearch/article?articleNumber=CTX696300&articleURL=NetScaler_ADC_and_NetScaler_Gateway_Security_Bulletin_for_CVE_2026_3055_and_CVE_2026_4368 ; https://nvd.nist.gov/vuln/detail/CVE-2026-3055,CWE-125
CVE-2025-53521,F5,BIG-IP,F5 BIG-IP Stack-Based Buffer Overflow Vulnerability,2026-03-27,F5 BIG-IP APM contains a stack-based buffer overflow vulnerability that could allow a threat actor to achieve remote code execution.,"Apply mitigations per vendor instructions, follow applicable BOD 22-01 guidance for cloud services, or discontinue use of the product if mitigations are unavailable.",2026-03-30,Unknown,Please adhere to F5’s guidelines to assess exposure and mitigate risks. Check for signs of potential compromise on all internet accessible F5 products affected by this vulnerability. For more information please see: https://my.f5.com/manage/s/article/K000156741 ; https://my.f5.com/manage/s/article/K000160486 ; https://my.f5.com/manage/s/article/K11438344 ; https://nvd.nist.gov/vuln/detail/CVE-2025-53521,CWE-121
CVE-2026-33634,Aquasecurity,Trivy,Aquasecurity Trivy Embedded Malicious Code Vulnerability,2026-03-26,"Aquasecurity Trivy contains an embedded malicious code vulnerability that could allow an attacker to gain access to everything in the CI/CD environment, including all tokens, SSH keys, cloud credentials, database passwords, and any sensitive configuration in memory.","Apply mitigations per vendor instructions, follow applicable BOD 22-01 guidance for cloud services, or discontinue use of the product if mitigations are unavailable.",2026-04-09,Unknown,"This vulnerability involves a supply‑chain compromise in a product that may be used across multiple products and environments. Additional vendor‑provided guidance must be followed to ensure full remediation. For more information, please see: https://github.com/advisories/GHSA-69fq-xp46-6x23 ; https://nvd.nist.gov/vuln/detail/CVE-2026-33634",CWE-506
CVE-2026-33017,Langflow,Langflow,Langflow Code Injection Vulnerability,2026-03-25,Langflow contains a code injection vulnerability that could allow building public flows without requiring authentication.,"Apply mitigations per vendor instructions, follow applicable BOD 22-01 guidance for cloud services, or discontinue use of the product if mitigations are unavailable.",2026-04-08,Unknown,https://github.com/langflow-ai/langflow/security/advisories/GHSA-vwmf-pq79-vjvx ; https://nvd.nist.gov/vuln/detail/CVE-2026-33017,"CWE-94, CWE-95, CWE-306"
CVE-2025-32432,Craft CMS,Craft CMS,Craft CMS Code Injection Vulnerability,2026-03-20,Craft CMS contains a code injection vulnerability that allows a remote attacker to execute arbitrary code.,"Apply mitigations per vendor instructions, follow applicable BOD 22-01 guidance for cloud services, or discontinue use of the product if mitigations are unavailable.",2026-04-03,Unknown,https://craftcms.com/knowledge-base/craft-cms-cve-2025-32432 ; https://github.com/craftcms/cms/security/advisories/GHSA-f3gw-9ww9-jmc3 ; https://nvd.nist.gov/vuln/detail/CVE-2025-32432,CWE-94
CVE-2025-54068,Laravel,Livewire,Laravel Livewire Code Injection Vulnerability,2026-03-20,Laravel Livewire contain a code injection vulnerability that could allow unauthenticated attackers to achieve remote command execution in specific scenarios.,"Apply mitigations per vendor instructions, follow applicable BOD 22-01 guidance for cloud services, or discontinue use of the product if mitigations are unavailable.",2026-04-03,Unknown,https://github.com/livewire/livewire/security/advisories/GHSA-29cq-5w36-x7w3 ; https://github.com/livewire/livewire/commit/ef04be759da41b14d2d129e670533180a44987dc ; https://nvd.nist.gov/vuln/detail/CVE-2025-54068,CWE-94
CVE-2025-43510,Apple,Multiple Products,Apple Multiple Products Improper Locking Vulnerability,2026-03-20,"Apple watchOS, iOS, iPadOS, macOS, visionOS, and tvOS contain an improper locking vulnerability that could allow a malicious application to cause unexpected changes in memory shared between processes.","Apply mitigations per vendor instructions, follow applicable BOD 22-01 guidance for cloud services, or discontinue use of the product if mitigations are unavailable.",2026-04-03,Unknown,https://support.apple.com/en-us/125632 ; https://support.apple.com/en-us/125633 ; https://support.apple.com/en-us/125634 ; https://support.apple.com/en-us/125635 ; https://support.apple.com/en-us/125636 ; https://support.apple.com/en-us/125637 ; https://support.apple.com/en-us/125638 ; https://support.apple.com/en-us/125639 ; https://nvd.nist.gov/vuln/detail/CVE-2025-43510,CWE-667
CVE-2025-43520,Apple,Multiple Products,Apple Multiple Products Classic Buffer Overflow Vulnerability,2026-03-20,"Apple watchOS, iOS, iPadOS, macOS, visionOS, and tvOS contain a classic buffer overflow vulnerability which could allow a malicious application to cause unexpected system termination or write kernel memory.","Apply mitigations per vendor instructions, follow applicable BOD 22-01 guidance for cloud services, or discontinue use of the product if mitigations are unavailable.",2026-04-03,Unknown,https://support.apple.com/en-us/125632 ; https://support.apple.com/en-us/125633 ; https://support.apple.com/en-us/125634 ; https://support.apple.com/en-us/125635 ; https://support.apple.com/en-us/125636 ; https://support.apple.com/en-us/125637 ; https://support.apple.com/en-us/125638 ; https://support.apple.com/en-us/125639 ; https://nvd.nist.gov/vuln/detail/CVE-2025-43520,CWE-120
CVE-2025-31277,Apple,Multiple Products,Apple Multiple Products Buffer Overflow Vulnerability,2026-03-20,"Apple Safari, iOS, watchOS, visionOS, iPadOS, macOS, and tvOS contain a buffer overflow vulnerability that could allow the processing of maliciously crafted web content which may lead to memory corruption.","Apply mitigations per vendor instructions, follow applicable BOD 22-01 guidance for cloud services, or discontinue use of the product if mitigations are unavailable.",2026-04-03,Unknown,https://support.apple.com/en-us/124147 ; https://support.apple.com/en-us/124149 ; https://support.apple.com/en-us/124152 ; https://support.apple.com/en-us/124153 ; https://support.apple.com/en-us/124155 ; https://nvd.nist.gov/vuln/detail/CVE-2025-31277,CWE-119
CVE-2026-20131,Cisco,Secure Firewall Management Center (FMC),Cisco Secure Firewall Management Center (FMC) Software and Cisco Security Cloud Control (SCC) Firewall Management Deserialization of Untrusted Data Vulnerability,2026-03-19,"Cisco Secure Firewall Management Center (FMC) Software and Cisco Security Cloud Control (SCC) Firewall Management contain a deserialization of untrusted data vulnerability in the web-based management interface that could allow an unauthenticated, remote attacker to execute arbitrary Java code as root on an affected device.","Apply mitigations per vendor instructions, follow applicable BOD 22-01 guidance for cloud services, or discontinue use of the product if mitigations are unavailable.",2026-03-22,Known,https://sec.cloudapps.cisco.com/security/center/content/CiscoSecurityAdvisory/cisco-sa-fmc-rce-NKhnULJh ; https://nvd.nist.gov/vuln/detail/CVE-2026-20131,CWE-502
CVE-2025-66376,Synacor,Zimbra Collaboration Suite (ZCS),Synacor Zimbra Collaboration Suite (ZCS) Cross-Site Scripting Vulnerability,2026-03-18,Synacor Zimbra Collaboration Suite (ZCS) contains a cross-site scripting vulnerability in the Classic UI where attackers could abuse Cascading Style Sheets (CSS) @import directives in email HTML.,"Apply mitigations per vendor instructions, follow applicable BOD 22-01 guidance for cloud services, or discontinue use of the product if mitigations are unavailable.",2026-04-01,Unknown,https://wiki.zimbra.com/wiki/Zimbra_Security_Advisories ; https://nvd.nist.gov/vuln/detail/CVE-2025-66376,CWE-79
CVE-2026-20963,Microsoft,SharePoint,Microsoft SharePoint Deserialization of Untrusted Data Vulnerability,2026-03-18,Microsoft SharePoint contains a deserialization of untrusted data vulnerability that allows an unauthorized attacker to execute code over a network.,"Apply mitigations per vendor instructions, follow applicable BOD 22-01 guidance for cloud services, or discontinue use of the product if mitigations are unavailable.",2026-03-21,Unknown,https://msrc.microsoft.com/update-guide/vulnerability/CVE-2026-20963 ; https://nvd.nist.gov/vuln/detail/CVE-2026-20963,CWE-502
CVE-2025-47813,Wing FTP Server,Wing FTP Server,Wing FTP Server Information Disclosure Vulnerability,2026-03-16,Wing FTP Server contains a generation of error message containing sensitive information vulnerability when using a long value in the UID cookie.,"Apply mitigations per vendor instructions, follow applicable BOD 22-01 guidance for cloud services, or discontinue use of the product if mitigations are unavailable.",2026-03-30,Unknown,https://www.wftpserver.com/serverhistory.htm ; https://nvd.nist.gov/vuln/detail/CVE-2025-47813,CWE-209
CVE-2026-3910,Google,Chromium V8,Google Chromium V8 Improper Restriction of Operations Within the Bounds of a Memory Buffer Vulnerability,2026-03-13,"Google Chromium V8 contains an improper restriction of operations within the bounds of a memory buffer vulnerability that could allow a remote attacker to execute arbitrary code inside a sandbox via a crafted HTML page. This vulnerability could affect multiple web browsers that utilize Chromium, including, but not limited to, Google Chrome, Microsoft Edge, and Opera.","Apply mitigations per vendor instructions, follow applicable BOD 22-01 guidance for cloud services, or discontinue use of the product if mitigations are unavailable.",2026-03-27,Unknown,https://chromereleases.googleblog.com/2026/03/stable-channel-update-for-desktop_12.html ; https://nvd.nist.gov/vuln/detail/CVE-2026-3910,CWE-119
CVE-2026-3909,Google,Skia,Google Skia Out-of-Bounds Write Vulnerability,2026-03-13,"Google Skia contains an out-of-bounds write vulnerability that could allow a remote attacker to perform out of bounds memory access via a crafted HTML page. This vulnerability affects Google Chrome and ChromeOS, Android, Flutter, and possibly other products.","Apply mitigations per vendor instructions, follow applicable BOD 22-01 guidance for cloud services, or discontinue use of the product if mitigations are unavailable.",2026-03-27,Unknown,"This vulnerability affects a common open-source component, third-party library, or a protocol used by different products. Please check with specific vendors for information on patching status. For more information, please see: https://chromereleases.googleblog.com/2026/03/stable-channel-update-for-desktop_13.html ; https://nvd.nist.gov/vuln/detail/CVE-2026-3909",CWE-787
CVE-2025-68613,n8n,n8n,n8n Improper Control of Dynamically-Managed Code Resources Vulnerability,2026-03-11,n8n contains an improper control of dynamically managed code resources vulnerability in its workflow expression evaluation system that allows for remote code execution.,"Apply mitigations per vendor instructions, follow applicable BOD 22-01 guidance for cloud services, or discontinue use of the product if mitigations are unavailable.",2026-03-25,Unknown,https://github.com/n8n-io/n8n/security/advisories/GHSA-v98v-ff95-f3cp ; https://nvd.nist.gov/vuln/detail/CVE-2025-68613,CWE-913
CVE-2021-22054,Omnissa,Workspace One UEM,Omnissa Workspace ONE Server-Side Request Forgery,2026-03-09,Omnissa Workspace One UEM formerly known as VMware Workspace One UEM contains a server-side request forgery (SSRF) vulnerability that could allow a malicious actor with network access to UEM to send their requests without authentication and to gain access to sensitive information.,"Apply mitigations per vendor instructions, follow applicable BOD 22-01 guidance for cloud services, or discontinue use of the product if mitigations are unavailable.",2026-03-23,Unknown,https://web.archive.org/web/20211222154335/https://www.vmware.com/security/advisories/VMSA-2021-0029.html ; https://nvd.nist.gov/vuln/detail/CVE-2021-22054,CWE-918
CVE-2025-26399,SolarWinds,Web Help Desk,SolarWinds Web Help Desk Deserialization of Untrusted Data Vulnerability,2026-03-09,SolarWinds Web Help Desk contain a deserialization of untrusted data vulnerability in AjaxProxy that could allow an attacker to run commands on the host machine.,"Apply mitigations per vendor instructions, follow applicable BOD 22-01 guidance for cloud services, or discontinue use of the product if mitigations are unavailable.",2026-03-12,Known,https://www.solarwinds.com/trust-center/security-advisories/cve-2025-26399 ; https://documentation.solarwinds.com/en/success_center/whd/content/release_notes/whd_12-8-7-hotfix-1_release_notes.htm ; https://nvd.nist.gov/vuln/detail/CVE-2025-26399,CWE-502
CVE-2026-1603,Ivanti, Endpoint Manager (EPM),Ivanti Endpoint Manager (EPM) Authentication Bypass Vulnerability,2026-03-09,Ivanti Endpoint Manager (EPM) contains an authentication bypass using an alternate path or channel vulnerability that could allow a remote unauthenticated attacker to leak specific stored credential data.,"Apply mitigations per vendor instructions, follow applicable BOD 22-01 guidance for cloud services, or discontinue use of the product if mitigations are unavailable.",2026-03-23,Unknown,https://hub.ivanti.com/s/article/Security-Advisory-EPM-February-2026-for-EPM-2024?language=en_US ; https://nvd.nist.gov/vuln/detail/CVE-2026-1603,CWE-288
CVE-2017-7921,Hikvision,Multiple Products,Hikvision Multiple Products Improper Authentication Vulnerability,2026-03-05,Multiple Hikvision products contain an improper authentication vulnerability that could allow a malicious user to escalate privileges on the system and gain access to sensitive information.,"Apply mitigations per vendor instructions, follow applicable BOD 22-01 guidance for cloud services, or discontinue use of the product if mitigations are unavailable.",2026-03-26,Unknown,https://www.hikvision.com/us-en/support/document-center/special-notices/privilege-escalating-vulnerability-in-certain-hikvision-ip-cameras/ ; https://nvd.nist.gov/vuln/detail/CVE-2017-7921,CWE-287
CVE-2021-22681,Rockwell,Multiple Products,Rockwell Multiple Products Insufficient Protected Credentials Vulnerability,2026-03-05,"Multiple Rockwell products contain an insufficient protected credentials vulnerability. Studio 5000 Logix Designer software may allow a key to be discovered. This key is used to verify Logix controllers are communicating with Rockwell Automation design software. If successfully exploited, this vulnerability could allow an unauthorized application to connect with Logix controllers. To leverage this vulnerability, an unauthorized user would require network access to the controller.","Apply mitigations per vendor instructions, follow applicable BOD 22-01 guidance for cloud services, or discontinue use of the product if mitigations are unavailable.",2026-03-26,Unknown,https://support.rockwellautomation.com/app/answers/answer_view/a_id/1130301/~/cve-2021-22681%3A-authentication-bypass-vulnerability-found-in-logix-controllers- ; https://www.cisa.gov/news-events/ics-advisories/icsa-21-056-03 ; https://nvd.nist.gov/vuln/detail/CVE-2021-22681,CWE-522
CVE-2023-43000,Apple,Multiple Products,Apple Multiple products Use-After-Free Vulnerability,2026-03-05,"Apple macOS, iOS, iPadOS, and Safari 16.6 contain a use-after-free vulnerability due to the processing of maliciously crafted web content that may lead to memory corruption.","Apply mitigations per vendor instructions, follow applicable BOD 22-01 guidance for cloud services, or discontinue use of the product if mitigations are unavailable.",2026-03-26,Unknown,https://support.apple.com/en-us/120324 ; https://support.apple.com/en-us/120331 ; https://support.apple.com/en-us/120338 ; https://nvd.nist.gov/vuln/detail/CVE-2023-43000,CWE-416
CVE-2021-30952,Apple,Multiple Products,Apple Multiple Products Integer Overflow or Wraparound Vulnerability,2026-03-05,"Apple tvOS, macOS, Safari, iPadOS and watchOS contain an integer overflow or wraparound vulnerability due to the processing of maliciously crafted web content that may lead to arbitrary code execution.","Apply mitigations per vendor instructions, follow applicable BOD 22-01 guidance for cloud services, or discontinue use of the product if mitigations are unavailable.",2026-03-26,Unknown,https://support.apple.com/en-us/HT212975 ; https://support.apple.com/en-us/HT212976 ; https://support.apple.com/en-us/HT212978 ; https://support.apple.com/en-us/HT212980 ; https://support.apple.com/en-us/HT212982 ; https://nvd.nist.gov/vuln/detail/CVE-2021-30952,CWE-190
CVE-2023-41974,Apple,iOS and iPadOS,Apple iOS and iPadOS Use-After-Free Vulnerability,2026-03-05,Apple iOS and iPadOS contain a use-after-free vulnerability. An app may be able to execute arbitrary code with kernel privileges.,"Apply mitigations per vendor instructions, follow applicable BOD 22-01 guidance for cloud services, or discontinue use of the product if mitigations are unavailable.",2026-03-26,Unknown,https://support.apple.com/en-us/HT213938 ; https://support.apple.com/kb/HT213938 ; https://nvd.nist.gov/vuln/detail/CVE-2023-41974,CWE-416
CVE-2026-22719,Broadcom,VMware Aria Operations,Broadcom VMware Aria Operations Command Injection Vulnerability,2026-03-03,"Broadcom VMware Aria Operations formerly known as vRealize Operations (vROps) contains a command injection vulnerability that allows an unauthenticated attacker to execute arbitrary commands, potentially leading to remote code execution during support‑assisted product migration.","Apply mitigations per vendor instructions, follow applicable BOD 22-01 guidance for cloud services, or discontinue use of the product if mitigations are unavailable.",2026-03-24,Unknown,https://support.broadcom.com/web/ecx/support-content-notification/-/external/content/SecurityAdvisories/0/36947 ; https://knowledge.broadcom.com/external/article/430349 ; https://nvd.nist.gov/vuln/detail/CVE-2026-22719,CWE-77
CVE-2026-21385,Qualcomm,Multiple Chipsets,Qualcomm Multiple Chipsets Memory Corruption Vulnerability,2026-03-03,Multiple Qualcomm chipsets contain a memory corruption vulnerability while using alignments for memory allocation. ,"Apply mitigations per vendor instructions, follow applicable BOD 22-01 guidance for cloud services, or discontinue use of the product if mitigations are unavailable.",2026-03-24,Unknown,"Please check with specific vendors (OEMs,) for information on patching status. For more information, please see: https://source.android.com/docs/security/bulletin/2026/2026-03-01 ; https://nvd.nist.gov/vuln/detail/CVE-2026-21385",CWE-190
CVE-2022-20775,Cisco,SD-WAN,Cisco SD-WAN Path Traversal Vulnerability,2026-02-25,Cisco SD-WAN CLI contains a path traversal vulnerability that could allow an authenticated local attacker to gain elevated privileges via improper access controls on commands within the application CLI. A successful exploit could allow the attacker to execute arbitrary commands as the root user.,Please adhere to CISA’s guidelines to assess exposure and mitigate risks associated with Cisco SD-WAN devices as outlines in CISA’s Emergency Directive 26-03 (URL listed below in Notes) and CISA’s “Hunt & Hardening Guidance for Cisco SD-WAN Devices (URL listed below in Notes). Adhere to the applicable BOD 22-01 guidance for cloud services or discontinue use of the product if mitigations are not available.,2026-02-27,Unknown,CISA Mitigation Instructions: https://www.cisa.gov/news-events/directives/ed-26-03-mitigate-vulnerabilities-cisco-sd-wan-systems ; https://www.cisa.gov/news-events/directives/supplemental-direction-ed-26-03-hunt-and-hardening-guidance-cisco-sd-wan-systems ; https://www.cisco.com/c/en/us/support/docs/csa/cisco-sa-sd-wan-priv-E6e8tEdF.html ; https://nvd.nist.gov/vuln/detail/CVE-2022-20775,"CWE-25, CWE-282"
CVE-2026-20127,Cisco,Catalyst SD-WAN Controller and Manager,Cisco Catalyst SD-WAN Controller and Manager Authentication Bypass Vulnerability,2026-02-25,"Cisco Catalyst SD-WAN Controller, formerly SD-WAN vSmart, and Cisco Catalyst SD-WAN Manager, formerly SD-WAN vManage, contain an authentication bypass vulnerability could allow an unauthenticated, remote attacker to bypass authentication and obtain administrative privileges on an affected system. This vulnerability exists because the peering authentication mechanism in an affected system is not working properly. An attacker could exploit this vulnerability by sending crafted requests to an affected system. A successful exploit could allow the attacker to log in to an affected Cisco Catalyst SD-WAN Controller as an internal, high-privileged, non-root user account. Using this account, the attacker could access NETCONF, which would then allow the attacker to manipulate network configuration for the SD-WAN fabric.",Please adhere to CISA’s guidelines to assess exposure and mitigate risks associated with Cisco SD-WAN devices as outlines in CISA’s Emergency Directive 26-03 (URL listed below in Notes) and CISA’s “Hunt & Hardening Guidance for Cisco SD-WAN Devices (URL listed below in Notes). Adhere to the applicable BOD 22-01 guidance for cloud services or discontinue use of the product if mitigations are not available.,2026-02-27,Unknown,CISA Mitigation Instructions: https://www.cisa.gov/news-events/directives/ed-26-03-mitigate-vulnerabilities-cisco-sd-wan-systems ; https://www.cisa.gov/news-events/directives/supplemental-direction-ed-26-03-hunt-and-hardening-guidance-cisco-sd-wan-systems ; https://sec.cloudapps.cisco.com/security/center/content/CiscoSecurityAdvisory/cisco-sa-sdwan-rpa-EHchtZk ; https://nvd.nist.gov/vuln/detail/CVE-2026-20127,CWE-287
CVE-2026-25108,Soliton Systems K.K,FileZen,Soliton Systems K.K FileZen OS Command Injection Vulnerability,2026-02-24,Soliton Systems K.K FileZen contains an OS command injection vulnerability when an user logs-in to the affected product and sends a specially crafted HTTP request.,"Apply mitigations per vendor instructions, follow applicable BOD 22-01 guidance for cloud services, or discontinue use of the product if mitigations are unavailable.",2026-03-17,Unknown,https://jvn.jp/en/jp/JVN84622767/ ; https://nvd.nist.gov/vuln/detail/CVE-2026-25108,CWE-78
CVE-2025-49113,Roundcube,Webmail,RoundCube Webmail Deserialization of Untrusted Data Vulnerability,2026-02-20,RoundCube Webmail contains a deserialization of untrusted data vulnerability that allows remote code execution by authenticated users because the _from parameter in a URL is not validated in program/actions/settings/upload.php.,"Apply mitigations per vendor instructions, follow applicable BOD 22-01 guidance for cloud services, or discontinue use of the product if mitigations are unavailable.",2026-03-13,Unknown,https://roundcube.net/news/2025/06/01/security-updates-1.6.11-and-1.5.10 ; https://github.com/roundcube/roundcubemail/releases/tag/1.5.10 ; https://github.com/roundcube/roundcubemail/releases/tag/1.6.11 ; https://nvd.nist.gov/vuln/detail/CVE-2025-49113,CWE-502
CVE-2025-68461,Roundcube,Webmail,RoundCube Webmail Cross-site Scripting Vulnerability,2026-02-20,RoundCube Webmail contains a cross-site scripting vulnerability via the animate tag in an SVG document.,"Apply mitigations per vendor instructions, follow applicable BOD 22-01 guidance for cloud services, or discontinue use of the product if mitigations are unavailable.",2026-03-13,Unknown,https://roundcube.net/news/2025/12/13/security-updates-1.6.12-and-1.5.12 ; https://github.com/roundcube/roundcubemail/commit/bfa032631c36b900e7444dfa278340b33cbf7cdb ; https://nvd.nist.gov/vuln/detail/CVE-2025-68461,CWE-79
CVE-2021-22175,GitLab,GitLab,GitLab Server-Side Request Forgery (SSRF) Vulnerability,2026-02-18,GitLab contains a server-side request forgery (SSRF) vulnerability when requests to the internal network for webhooks are enabled.,"Apply mitigations per vendor instructions, follow applicable BOD 22-01 guidance for cloud services, or discontinue use of the product if mitigations are unavailable.",2026-03-11,Unknown,https://gitlab.com/gitlab-org/cves/-/blob/master/2021/CVE-2021-22175.json ; https://nvd.nist.gov/vuln/detail/CVE-2021-22175,CWE-918
CVE-2026-22769,Dell,RecoverPoint for Virtual Machines (RP4VMs),Dell RecoverPoint for Virtual Machines (RP4VMs) Use of Hard-coded Credentials Vulnerability,2026-02-18,Dell RecoverPoint for Virtual Machines (RP4VMs) contains an use of hard-coded credentials vulnerability that could allow an unauthenticated remote attacker to gain unauthorized access to the underlying operating system and root-level persistence.,"Apply mitigations per vendor instructions, follow applicable BOD 22-01 guidance for cloud services, or discontinue use of the product if mitigations are unavailable.",2026-02-21,Unknown,https://www.dell.com/support/kbdoc/en-us/000426773/dsa-2026-079 ; https://www.dell.com/support/kbdoc/en-us/000426742/recoverpoint-for-vms-apply-the-remediation-script-for-dsa ; https://cloud.google.com/blog/topics/threat-intelligence/unc6201-exploiting-dell-recoverpoint-zero-day ; https://nvd.nist.gov/vuln/detail/CVE-2026-22769,CWE-798
CVE-2020-7796,Synacor,Zimbra Collaboration Suite,Synacor Zimbra Collaboration Suite (ZCS) Server-Side Request Forgery Vulnerability,2026-02-17,Synacor Zimbra Collaboration Suite (ZCS) contains a server-side request forgery vulnerability if WebEx zimlet installed and zimlet JSP is enabled.,"Apply mitigations per vendor instructions, follow applicable BOD 22-01 guidance for cloud services, or discontinue use of the product if mitigations are unavailable.",2026-03-10,Unknown,https://wiki.zimbra.com/wiki/Zimbra_Releases/8.8.15/P7 ; https://nvd.nist.gov/vuln/detail/CVE-2020-7796,CWE-918
CVE-2024-7694,TeamT5,ThreatSonar Anti-Ransomware,TeamT5 ThreatSonar Anti-Ransomware Unrestricted Upload of File with Dangerous Type Vulnerability,2026-02-17,"TeamT5 ThreatSonar Anti-Ransomware contains an unrestricted upload of file with dangerous type vulnerability. ThreatSonar Anti-Ransomware does not properly validate the content of uploaded files. Remote attackers with administrator privileges on the product platform can upload malicious files, which can be used to execute arbitrary system commands on the server.","Apply mitigations per vendor instructions, follow applicable BOD 22-01 guidance for cloud services, or discontinue use of the product if mitigations are unavailable.",2026-03-10,Unknown,https://teamt5.org/en/posts/vulnerability-notice-threat-sonar-anti-ransomware-20240715/ ; https://www.twcert.org.tw/en/cp-139-8000-e5a5c-2.html ; https://nvd.nist.gov/vuln/detail/CVE-2024-7694,CWE-434
CVE-2008-0015,Microsoft,Windows, Microsoft Windows Video ActiveX Control Remote Code Execution Vulnerability,2026-02-17,"Microsoft Windows Video ActiveX Control contains a remote code execution vulnerability. An attacker could exploit the vulnerability by constructing a specially crafted Web page. When a user views the Web page, the vulnerability could allow remote code execution. An attacker who successfully exploited this vulnerability could gain the same user rights as the logged-on user.","Apply mitigations per vendor instructions, follow applicable BOD 22-01 guidance for cloud services, or discontinue use of the product if mitigations are unavailable.",2026-03-10,Unknown,https://web.archive.org/web/20110305211119/https://www.microsoft.com/technet/security/bulletin/ms09-032.mspx ; https://nvd.nist.gov/vuln/detail/CVE-2008-0015,
CVE-2026-2441,Google,Chromium,Google Chromium CSS Use-After-Free Vulnerability,2026-02-17,"Google Chromium CSS contains a use-after-free vulnerability that could allow a remote attacker to potentially exploit heap corruption via a crafted HTML page. This vulnerability could affect multiple web browsers that utilize Chromium, including, but not limited to, Google Chrome, Microsoft Edge, and Opera.","Apply mitigations per vendor instructions, follow applicable BOD 22-01 guidance for cloud services, or discontinue use of the product if mitigations are unavailable.",2026-03-10,Unknown,https://chromereleases.googleblog.com/2026/02/stable-channel-update-for-desktop_13.html ; https://nvd.nist.gov/vuln/detail/CVE-2026-2441,CWE-416
CVE-2026-1731,BeyondTrust,Remote Support (RS) and Privileged Remote Access (PRA),BeyondTrust Remote Support (RS) and Privileged Remote Access (PRA) OS Command Injection Vulnerability,2026-02-13,"BeyondTrust Remote Support (RS) and Privileged Remote Access (PRA)contain an OS command injection vulnerability. Successful exploitation could allow an unauthenticated remote attacker to execute operating system commands in the context of the site user. Successful exploitation requires no authentication or user interaction and may lead to system compromise, including unauthorized access, data exfiltration, and service disruption.","Apply mitigations per vendor instructions, follow applicable BOD 22-01 guidance for cloud services, or discontinue use of the product if mitigations are unavailable.",2026-02-16,Known,Please adhere to the vendor's guidelines to assess exposure and mitigate risks. Check for signs of potential compromise on all internet accessible BeyondTrust products affected by this vulnerability. For more information please: see: https://www.beyondtrust.com/trust-center/security-advisories/bt26-02 ; https://nvd.nist.gov/vuln/detail/CVE-2026-1731,CWE-78
CVE-2026-20700,Apple,Multiple Products,Apple Multiple Buffer Overflow Vulnerability,2026-02-12,"Apple iOS, macOS, tvOS, watchOS, and visionOS contain an improper restriction of operations within the bounds of a memory buffer vulnerability that could allow an attacker with memory write the capability to execute arbitrary code.","Apply mitigations per vendor instructions, follow applicable BOD 22-01 guidance for cloud services, or discontinue use of the product if mitigations are unavailable.",2026-03-05,Unknown,https://support.apple.com/en-us/126346 ; https://support.apple.com/en-us/126348 ; https://support.apple.com/en-us/126351 ; https://support.apple.com/en-us/126352 ; https://support.apple.com/en-us/126353 ; https://nvd.nist.gov/vuln/detail/CVE-2026-20700,CWE-119
CVE-2024-43468,Microsoft,Configuration Manager,Microsoft Configuration Manager SQL Injection Vulnerability,2026-02-12,Microsoft Configuration Manager contains an SQL injection vulnerability. An unauthenticated attacker could exploit this vulnerability by sending specially crafted requests to the target environment which are processed in an unsafe manner enabling the attacker to execute commands on the server and/or underlying database.,"Apply mitigations per vendor instructions, follow applicable BOD 22-01 guidance for cloud services, or discontinue use of the product if mitigations are unavailable.",2026-03-05,Unknown,https://msrc.microsoft.com/update-guide/vulnerability/CVE-2024-43468 ; https://nvd.nist.gov/vuln/detail/CVE-2024-43468,CWE-89
CVE-2025-15556,Notepad++,Notepad++,Notepad++ Download of Code Without Integrity Check Vulnerability,2026-02-12,"Notepad++ when using the WinGUp updater, contains a download of code without integrity check vulnerability that could allow an attacker to intercept or redirect update traffic to download and execute an attacker-controlled installer. This could lead to arbitrary code execution with the privileges of the user.","Apply mitigations per vendor instructions, follow applicable BOD 22-01 guidance for cloud services, or discontinue use of the product if mitigations are unavailable.",2026-03-05,Unknown,https://notepad-plus-plus.org/news/clarification-security-incident/ ; https://community.notepad-plus-plus.org/topic/27298/notepad-v8-8-9-vulnerability-fix ; https://nvd.nist.gov/vuln/detail/CVE-2025-15556,CWE-494
CVE-2025-40536,SolarWinds,Web Help Desk,SolarWinds Web Help Desk Security Control Bypass Vulnerability,2026-02-12,SolarWinds Web Help Desk contains a security control bypass vulnerability that could allow an unauthenticated attacker to gain access to certain restricted functionality.,"Apply mitigations per vendor instructions, follow applicable BOD 22-01 guidance for cloud services, or discontinue use of the product if mitigations are unavailable.",2026-02-15,Unknown,https://documentation.solarwinds.com/en/success_center/whd/content/release_notes/whd_2026-1_release_notes.htm ; https://www.solarwinds.com/trust-center/security-advisories/CVE-2025-40536 ; https://nvd.nist.gov/vuln/detail/CVE-2025-40536,CWE-693
CVE-2026-21513,Microsoft,Windows,Microsoft MSHTML Framework Protection Mechanism Failure Vulnerability,2026-02-10,Microsoft MSHTML Framework contains a protection mechanism failure vulnerability that could allow an unauthorized attacker to bypass a security feature over a network.,"Apply mitigations per vendor instructions, follow applicable BOD 22-01 guidance for cloud services, or discontinue use of the product if mitigations are unavailable.",2026-03-03,Unknown,https://msrc.microsoft.com/update-guide/advisory/CVE-2026-21513 ; https://nvd.nist.gov/vuln/detail/CVE-2026-21513,CWE-693
CVE-2026-21525,Microsoft,Windows,Microsoft Windows NULL Pointer Dereference Vulnerability,2026-02-10,Microsoft Windows Remote Access Connection Manager contains a NULL pointer dereference that could allow an unauthorized attacker to deny service locally.,"Apply mitigations per vendor instructions, follow applicable BOD 22-01 guidance for cloud services, or discontinue use of the product if mitigations are unavailable.",2026-03-03,Unknown,https://msrc.microsoft.com/update-guide/vulnerability/CVE-2026-21525 ; https://nvd.nist.gov/vuln/detail/CVE-2026-21525,CWE-476
CVE-2026-21510,Microsoft,Windows,Microsoft Windows Shell Protection Mechanism Failure Vulnerability,2026-02-10,Microsoft Windows Shell contains a protection mechanism failure vulnerability that could allow an unauthorized attacker to bypass a security feature over a network. ,"Apply mitigations per vendor instructions, follow applicable BOD 22-01 guidance for cloud services, or discontinue use of the product if mitigations are unavailable.",2026-03-03,Unknown,https://msrc.microsoft.com/update-guide/vulnerability/CVE-2026-21510 ; https://nvd.nist.gov/vuln/detail/CVE-2026-21510 ,CWE-693
CVE-2026-21533,Microsoft,Windows,Microsoft Windows Improper Privilege Management Vulnerability,2026-02-10,Microsoft Windows Remote Desktop Services contains an improper privilege management vulnerability that could allow an authorized attacker to elevate privileges locally.,"Apply mitigations per vendor instructions, follow applicable BOD 22-01 guidance for cloud services, or discontinue use of the product if mitigations are unavailable.",2026-03-03,Unknown,https://msrc.microsoft.com/update-guide/vulnerability/CVE-2026-21533 ; https://nvd.nist.gov/vuln/detail/CVE-2026-21533,CWE-269
CVE-2026-21519,Microsoft,Windows,Microsoft Windows Type Confusion Vulnerability,2026-02-10,Microsoft Desktop Windows Manager contains a type confusion vulnerability that could allow an authorized attacker to elevate privileges locally.,"Apply mitigations per vendor instructions, follow applicable BOD 22-01 guidance for cloud services, or discontinue use of the product if mitigations are unavailable.",2026-03-03,Unknown,https://msrc.microsoft.com/update-guide/vulnerability/CVE-2026-21519 ; https://nvd.nist.gov/vuln/detail/CVE-2026-21519,CWE-843
CVE-2026-21514,Microsoft,Office,Microsoft Office Word Reliance on Untrusted Inputs in a Security Decision Vulnerability,2026-02-10,Microsoft Office Word contains a reliance on untrusted inputs in a security decision vulnerability that could allow an authorized attacker to elevate privileges locally.,"Apply mitigations per vendor instructions, follow applicable BOD 22-01 guidance for cloud services, or discontinue use of the product if mitigations are unavailable.",2026-03-03,Unknown,https://msrc.microsoft.com/update-guide/vulnerability/CVE-2026-21514 ; https://nvd.nist.gov/vuln/detail/CVE-2026-21514,CWE-807
CVE-2025-11953,React Native Community,CLI,React Native Community CLI OS Command Injection Vulnerability,2026-02-05,"React Native Community CLI contains an OS command injection vulnerability which could allow unauthenticated network attackers to send POST requests to the Metro Development Server and run arbitrary executables via a vulnerable endpoint exposed by the server. On Windows, attackers can also execute arbitrary shell commands with fully controlled arguments.","Apply mitigations per vendor instructions, follow applicable BOD 22-01 guidance for cloud services, or discontinue use of the product if mitigations are unavailable.",2026-02-26,Unknown,"This vulnerability could affect an open-source component, third-party library, protocol, or proprietary implementation that could be used by different products. For more information, please see: https://github.com/react-native-community/cli/commit/15089907d1f1301b22c72d7f68846a2ef20df547 ; https://github.com/react-native-community/cli/pull/2735 ; https://nvd.nist.gov/vuln/detail/CVE-2025-11953",CWE-78
CVE-2026-24423,SmarterTools,SmarterMail,SmarterTools SmarterMail Missing Authentication for Critical Function Vulnerability,2026-02-05,SmarterTools SmarterMail contains a missing authentication for critical function vulnerability in the ConnectToHub API method. This could allow the attacker to point the SmarterMail instance to a malicious HTTP server which serves the malicious OS command and could lead to command execution. ,"Apply mitigations per vendor instructions, follow applicable BOD 22-01 guidance for cloud services, or discontinue use of the product if mitigations are unavailable.",2026-02-26,Known,https://www.smartertools.com/smartermail/release-notes/current ; https://www.cve.org/CVERecord?id=CVE-2026-24423 ; https://nvd.nist.gov/vuln/detail/CVE-2026-24423,CWE-306
CVE-2021-39935,GitLab,Community and Enterprise Editions,GitLab Community and Enterprise Editions Server-Side Request Forgery (SSRF) Vulnerability,2026-02-03,GitLab Community and Enterprise Editions contain a server-side request forgery vulnerability which could allow unauthorized external users to perform Server Side Requests via the CI Lint API. ,"Apply mitigations per vendor instructions, follow applicable BOD 22-01 guidance for cloud services, or discontinue use of the product if mitigations are unavailable.",2026-02-24,Unknown,https://about.gitlab.com/releases/2021/12/06/security-release-gitlab-14-5-2-released/ ; https://nvd.nist.gov/vuln/detail/CVE-2021-39935,CWE-918
CVE-2025-64328,Sangoma,FreePBX ,Sangoma FreePBX OS Command Injection Vulnerability,2026-02-03,Sangoma FreePBX Endpoint Manager contains an OS command injection vulnerability that could allow for a post-authentication command injection by an authenticated known user via the testconnection -> check_ssh_connect() function. An attacker can leverage this vulnerability to potentially obtain remote access to the system as an asterisk user. ,"Apply mitigations per vendor instructions, follow applicable BOD 22-01 guidance for cloud services, or discontinue use of the product if mitigations are unavailable.",2026-02-24,Unknown,https://github.com/FreePBX/security-reporting/security/advisories/GHSA-vm9p-46mv-5xvw ; https://nvd.nist.gov/vuln/detail/CVE-2025-64328,CWE-78
CVE-2019-19006,Sangoma,FreePBX, Sangoma FreePBX Improper Authentication Vulnerability,2026-02-03,Sangoma FreePBX contains an improper authentication vulnerability that potentially allows unauthorized users to bypass password authentication and access services provided by the FreePBX admin.,"Apply mitigations per vendor instructions, follow applicable BOD 22-01 guidance for cloud services, or discontinue use of the product if mitigations are unavailable.",2026-02-24,Unknown,https://wiki.freepbx.org/display/FOP/2019-11-20%2BRemote%2BAdmin%2BAuthentication%2BBypass ; https://nvd.nist.gov/vuln/detail/CVE-2019-19006,CWE-287
CVE-2025-40551,SolarWinds,Web Help Desk,SolarWinds Web Help Desk Deserialization of Untrusted Data Vulnerability,2026-02-03,"SolarWinds Web Help Desk contains a deserialization of untrusted data vulnerability that could lead to remote code execution, which would allow an attacker to run commands on the host machine. This could be exploited without authentication.","Apply mitigations per vendor instructions, follow applicable BOD 22-01 guidance for cloud services, or discontinue use of the product if mitigations are unavailable.",2026-02-06,Unknown,https://www.solarwinds.com/trust-center/security-advisories/cve-2025-40551 ; https://nvd.nist.gov/vuln/detail/CVE-2025-40551,CWE-502
CVE-2026-1281,Ivanti,Endpoint Manager Mobile (EPMM),Ivanti Endpoint Manager Mobile (EPMM) Code Injection Vulnerability,2026-01-29,Ivanti Endpoint Manager Mobile (EPMM) contains a code injection vulnerability that could allow attackers to achieve unauthenticated remote code execution.,"Apply mitigations per vendor instructions, follow applicable BOD 22-01 guidance for cloud services, or discontinue use of the product if mitigations are unavailable.",2026-02-01,Unknown,Please adhere to Ivanti's guidelines to assess exposure and mitigate risks. Check for signs of potential compromise on all internet accessible Ivanti products affected by this vulnerability. Apply any final mitigations provided by the vendor as soon as possible. For more information please: see: https://forums.ivanti.com/s/article/Security-Advisory-Ivanti-Endpoint-Manager-Mobile-EPMM-CVE-2026-1281-CVE-2026-1340 ; https://support.mobileiron.com/mi/vsp/AB1771634/ivanti-security-update-1761642-1.0.0S-5.noarch.rpm ; https://support.mobileiron.com/mi/vsp/AB1771634/ivanti-security-update-1761642-1.0.0L-5.noarch.rpm ; https://nvd.nist.gov/vuln/detail/CVE-2026-1281,CWE-94
CVE-2026-24858,Fortinet,Multiple Products,Fortinet Multiple Products Authentication Bypass Using an Alternate Path or Channel Vulnerability,2026-01-27,"Fortinet FortiAnalyzer, FortiManager, FortiOS, and FortiProxy contain an authentication bypass using an alternate path or channel that could allow an attacker with a FortiCloud account and a registered device to log into other devices registered to other accounts, if FortiCloud SSO authentication is enabled on those devices.","Apply mitigations per vendor instructions, follow applicable BOD 22-01 guidance for cloud services, or discontinue use of the product if mitigations are unavailable.",2026-01-30,Unknown,Please adhere to Fortinet's guidelines to assess exposure and mitigate risks. Check for signs of potential compromise on all internet accessible Fortinet products affected by this vulnerability. Apply any final mitigations provided by the vendor as soon as they become available. For more information please see: https://fortiguard.fortinet.com/psirt/FG-IR-26-060 ; https://www.fortinet.com/blog/psirt-blogs/analysis-of-sso-abuse-on-fortios ; https://nvd.nist.gov/vuln/detail/CVE-2026-24858,CWE-288
CVE-2018-14634,Linux,Kernel,Linux Kernel Integer Overflow Vulnerability,2026-01-26,Linux Kernel contains an integer overflow vulnerability in the create_elf_tables() function which could allow an unprivileged local user with access to SUID (or otherwise privileged) binary to escalate their privileges on the system.,"Apply mitigations per vendor instructions, follow applicable BOD 22-01 guidance for cloud services, or discontinue use of the product if mitigations are unavailable.",2026-02-16,Unknown,"This vulnerability affects a common open-source component, third-party library, or a protocol used by different products. Please check with specific vendors for information on patching status. For more information, please see: https://git.kernel.org/pub/scm/linux/kernel/git/stable/linux.git/about/ ; https://www.kernel.org/ ; https://www.cve.org/CVERecord?id=CVE-2018-14634 ; https://access.redhat.com/errata/RHSA-2018:3540 ; https://nvd.nist.gov/vuln/detail/CVE-2018-14634",CWE-190
CVE-2025-52691,SmarterTools,SmarterMail,SmarterTools SmarterMail Unrestricted Upload of File with Dangerous Type Vulnerability,2026-01-26,"SmarterTools SmarterMail contains an unrestricted upload of file with dangerous type vulnerability that could allow an unauthenticated attacker to upload arbitrary files to any location on the mail server, potentially enabling remote code execution.","Apply mitigations per vendor instructions, follow applicable BOD 22-01 guidance for cloud services, or discontinue use of the product if mitigations are unavailable.",2026-02-16,Known,https://www.smartertools.com/smartermail/release-notes/current ; https://www.csa.gov.sg/alerts-and-advisories/alerts/al-2025-124/ ; https://nvd.nist.gov/vuln/detail/CVE-2025-52691,CWE-434
CVE-2026-23760,SmarterTools,SmarterMail,SmarterTools SmarterMail Authentication Bypass Using an Alternate Path or Channel Vulnerability,2026-01-26,"SmarterTools SmarterMail contains an authentication bypass using an alternate path or channel vulnerability in the password reset API. The force-reset-password endpoint permits anonymous requests and fails to verify the existing password or a reset token when resetting system administrator accounts. This could allow an unauthenticated attacker to supply a target administrator username and a new password to reset the account, resulting in full administrative compromise of the SmarterMail instance.","Apply mitigations per vendor instructions, follow applicable BOD 22-01 guidance for cloud services, or discontinue use of the product if mitigations are unavailable.",2026-02-16,Known,https://www.smartertools.com/smartermail/release-notes/current ; https://nvd.nist.gov/vuln/detail/CVE-2026-23760,CWE-288
CVE-2026-24061,GNU,InetUtils,GNU InetUtils Argument Injection Vulnerability,2026-01-26,"GNU InetUtils contains an argument injection vulnerability in telnetd that could allow for remote authentication bypass via a ""-f root"" value for the USER environment variable.","Apply mitigations per vendor instructions, follow applicable BOD 22-01 guidance for cloud services, or discontinue use of the product if mitigations are unavailable.",2026-02-16,Unknown,"This vulnerability could affect an open-source component, third-party library, protocol, or proprietary implementation that could be used by different products. For more information, please see: https://cgit.git.savannah.gnu.org/cgit/inetutils.git ; https://codeberg.org/inetutils/inetutils/commit/ccba9f748aa8d50a38d7748e2e60362edd6a32cc; https://codeberg.org/inetutils/inetutils/commit/fd702c02497b2f398e739e3119bed0b23dd7aa7b ; https://nvd.nist.gov/vuln/detail/CVE-2026-24061",CWE-88
CVE-2026-21509,Microsoft,Office,Microsoft Office Security Feature Bypass Vulnerability,2026-01-26,Microsoft Office contains a security feature bypass vulnerability in which reliance on untrusted inputs in a security decision in Microsoft Office could allow an unauthorized attacker to bypass a security feature locally. Some of the impacted product(s) could be end-of-life (EoL) and/or end-of-service (EoS). Users are advised to discontinue use and/or transition to a supported version.,"Apply mitigations per vendor instructions, follow applicable BOD 22-01 guidance for cloud services, or discontinue use of the product if mitigations are unavailable.",2026-02-16,Unknown,"Please adhere to Microsoft’s recommended guidelines to address this vulnerability. Implement all final mitigations provided by the vendor for Office 2021, and apply the interim corresponding mitigations for Office 2016 and Office 2019 until the final patch becomes available. For more information please see: https://msrc.microsoft.com/update-guide/vulnerability/CVE-2026-21509 ; https://nvd.nist.gov/vuln/detail/CVE-2026-21509",CWE-807
CVE-2024-37079,Broadcom,VMware vCenter Server,Broadcom VMware vCenter Server Out-of-bounds Write Vulnerability,2026-01-23,"Broadcom VMware vCenter Server contains an out-of-bounds write vulnerability in the implementation of the DCERPC protocol. This could allow a malicious actor with network access to vCenter Server to send specially crafted network packets, potentially leading to remote code execution.","Apply mitigations per vendor instructions, follow applicable BOD 22-01 guidance for cloud services, or discontinue use of the product if mitigations are unavailable.",2026-02-13,Unknown,https://support.broadcom.com/web/ecx/support-content-notification/-/external/content/SecurityAdvisories/0/24453 ; https://nvd.nist.gov/vuln/detail/CVE-2024-37079,CWE-787
CVE-2025-68645,Synacor, Zimbra Collaboration Suite (ZCS),Synacor Zimbra Collaboration Suite (ZCS) PHP Remote File Inclusion Vulnerability,2026-01-22,"Synacor Zimbra Collaboration Suite (ZCS) contains a PHP remote file inclusion vulnerability that could allow for remote attackers to craft requests to the /h/rest endpoint to influence internal request dispatching, allowing inclusion of arbitrary files from the WebRoot directory.","Apply mitigations per vendor instructions, follow applicable BOD 22-01 guidance for cloud services, or discontinue use of the product if mitigations are unavailable.",2026-02-12,Unknown,https://wiki.zimbra.com/wiki/Security_Center ; https://nvd.nist.gov/vuln/detail/CVE-2025-68645,CWE-98
CVE-2025-34026,Versa,Concerto,Versa Concerto Improper Authentication Vulnerability,2026-01-22,"Versa Concerto SD-WAN orchestration platform contains an improper authentication vulnerability in the Traefik reverse proxy configuration, allowing at attacker to access administrative endpoints. The internal Actuator endpoint can be leveraged for access to heap dumps and trace logs.","Apply mitigations per vendor instructions, follow applicable BOD 22-01 guidance for cloud services, or discontinue use of the product if mitigations are unavailable.",2026-02-12,Unknown,https://security-portal.versa-networks.com/emailbulletins/6830f94328defa375486ff2e ; https://nvd.nist.gov/vuln/detail/CVE-2025-34026,CWE-288
CVE-2025-31125,Vite,Vitejs,Vite Vitejs Improper Access Control Vulnerability,2026-01-22,Vite Vitejs contains an improper access control vulnerability that exposes content of non-allowed files using ?inline&import or ?raw?import. Only apps explicitly exposing the Vite dev server to the network (using --host or server.host config option) are affected.,"Apply mitigations per vendor instructions, follow applicable BOD 22-01 guidance for cloud services, or discontinue use of the product if mitigations are unavailable.",2026-02-12,Unknown,"This vulnerability could affect an open-source component, third-party library, protocol, or proprietary implementation that could be used by different products. For more information, please see: https://github.com/vitejs/vite/commit/59673137c45ac2bcfad1170d954347c1a17ab949 ; https://nvd.nist.gov/vuln/detail/CVE-2025-31125","CWE-200, CWE-284"
CVE-2025-54313,Prettier,eslint-config-prettier,Prettier eslint-config-prettier Embedded Malicious Code Vulnerability,2026-01-22,Prettier eslint-config-prettier contains an embedded malicious code vulnerability. Installing an affected package executes an install.js file that launches the node-gyp.dll malware on Windows.,"Apply mitigations per vendor instructions, follow applicable BOD 22-01 guidance for cloud services, or discontinue use of the product if mitigations are unavailable.",2026-02-12,Unknown,"This vulnerability could affect an open-source component, third-party library, protocol, or proprietary implementation that could be used by different products. For more information, please see: https://www.npmjs.com/package/eslint-config-prettier?activeTab=versions ; https://github.com/prettier/eslint-config-prettier/issues/339#issuecomment-3090304490 ; https://nvd.nist.gov/vuln/detail/CVE-2025-54313",CWE-506
CVE-2026-20045,Cisco,Unified Communications Manager,Cisco Unified Communications Products Code Injection Vulnerability,2026-01-21,"Cisco Unified Communications Manager (Unified CM), Cisco Unified Communications Manager Session Management Edition (Unified CM SME), Cisco Unified Communications Manager IM & Presence Service (Unified CM IM&P), Cisco Unity Connection, and Cisco Webex Calling Dedicated Instance contain a code injection vulnerability that could allow the attacker to obtain user-level access to the underlying operating system and then elevate privileges to root.","Apply mitigations per vendor instructions, follow applicable BOD 22-01 guidance for cloud services, or discontinue use of the product if mitigations are unavailable.",2026-02-11,Unknown,https://sec.cloudapps.cisco.com/security/center/content/CiscoSecurityAdvisory/cisco-sa-voice-rce-mORhqY4b ; https://nvd.nist.gov/vuln/detail/CVE-2026-20045,CWE-94
CVE-2026-20805,Microsoft,Windows,Microsoft Windows Information Disclosure Vulnerability,2026-01-13,Microsoft Windows Desktop Windows Manager contains an information disclosure vulnerability that allows an authorized attacker to disclose information locally.,"Apply mitigations per vendor instructions, follow applicable BOD 22-01 guidance for cloud services, or discontinue use of the product if mitigations are unavailable.",2026-02-03,Unknown,https://msrc.microsoft.com/update-guide/en-US/vulnerability/CVE-2026-20805 ; https://nvd.nist.gov/vuln/detail/CVE-2026-20805,CWE-200
CVE-2025-8110,Gogs,Gogs,Gogs Path Traversal Vulnerability,2026-01-12,Gogs contains a path traversal vulnerability affecting improper Symbolic link handling in the PutContents API that could allow for code execution.,"Apply mitigations per vendor instructions, follow applicable BOD 22-01 guidance for cloud services, or discontinue use of the product if mitigations are unavailable.",2026-02-02,Unknown,https://github.com/gogs/gogs/commit/553707f3fd5f68f47f531cfcff56aa3ec294c6f6 ; https://nvd.nist.gov/vuln/detail/CVE-2025-8110,CWE-22
CVE-2009-0556,Microsoft,Office,Microsoft Office PowerPoint Code Injection Vulnerability,2026-01-07,Microsoft Office PowerPoint contains a code injection vulnerability that allows remote attackers to execute arbitrary code via a PowerPoint file with an OutlineTextRefAtom containing an invalid index value that triggers memory corruption.,"Apply mitigations per vendor instructions, follow applicable BOD 22-01 guidance for cloud services, or discontinue use of the product if mitigations are unavailable.",2026-01-28,Unknown,https://learn.microsoft.com/en-us/security-updates/securitybulletins/2009/ms09-017 ; https://nvd.nist.gov/vuln/detail/CVE-2009-0556,CWE-94
CVE-2025-37164,Hewlett Packard Enterprise (HPE),OneView,Hewlett Packard Enterprise (HPE) OneView Code Injection Vulnerability,2026-01-07,Hewlett Packard Enterprise (HPE) OneView contains a code injection vulnerability that allows a remote unauthenticated user to perform remote code execution.,"Apply mitigations per vendor instructions, follow applicable BOD 22-01 guidance for cloud services, or discontinue use of the product if mitigations are unavailable.",2026-01-28,Unknown,https://support.hpe.com/hpesc/public/docDisplay?docId=hpesbgn04985en_us&docLocale=en_US ; https://nvd.nist.gov/vuln/detail/CVE-2025-37164,CWE-94
CVE-2025-14847,MongoDB,MongoDB and MongoDB Server,MongoDB and MongoDB Server Improper Handling of Length Parameter Inconsistency Vulnerability,2025-12-29,MongoDB Server contains an improper handling of length parameter inconsistency vulnerability in Zlib compressed protocol headers. This vulnerability may allow a read of uninitialized heap memory by an unauthenticated client.,"Apply mitigations per vendor instructions, follow applicable BOD 22-01 guidance for cloud services, or discontinue use of the product if mitigations are unavailable.",2026-01-19,Unknown,"This vulnerability could affect an open-source component, third-party library, protocol, or proprietary implementation that could be used by different products. For more information, please see: https://jira.mongodb.org/browse/SERVER-115508 ; https://nvd.nist.gov/vuln/detail/CVE-2025-14847",CWE-130
CVE-2023-52163,Digiever,DS-2105 Pro,Digiever DS-2105 Pro Missing Authorization Vulnerability,2025-12-22,Digiever DS-2105 Pro contains a missing authorization vulnerability which could allow for command injection via time_tzsetup.cgi.,"Apply mitigations per vendor instructions, follow applicable BOD 22-01 guidance for cloud services, or discontinue use of the product if mitigations are unavailable.",2026-01-12,Unknown,https://www.digiever.com/tw/support/faq-content.php?FAQ=217 ; https://nvd.nist.gov/vuln/detail/CVE-2023-52163,CWE-862
CVE-2025-14733,WatchGuard,Firebox,WatchGuard Firebox Out of Bounds Write Vulnerability,2025-12-19,WatchGuard Fireware OS iked process contains an out of bounds write vulnerability in the OS iked process. This vulnerability may allow a remote unauthenticated attacker to execute arbitrary code and affects both the mobile user VPN with IKEv2 and the branch office VPN using IKEv2 when configured with a dynamic gateway peer.,"Apply mitigations per vendor instructions, follow applicable BOD 22-01 guidance for cloud services, or discontinue use of the product if mitigations are unavailable.",2025-12-26,Unknown,Check for signs of potential compromise on all internet accessible instances after applying mitigations. For more information please see: https://www.watchguard.com/wgrd-psirt/advisory/wgsa-2025-00027 ; https://nvd.nist.gov/vuln/detail/CVE-2025-14733,CWE-787
CVE-2025-59374,ASUS,Live Update,ASUS Live Update Embedded Malicious Code Vulnerability,2025-12-17,ASUS Live Update contains an embedded malicious code vulnerability client were distributed with unauthorized modifications introduced through a supply chain compromise. The modified builds could cause devices meeting specific targeting conditions to perform unintended actions. The impacted product could be end-of-life (EoL) and/or end-of-service (EoS). Users should discontinue product utilization.,"Apply mitigations per vendor instructions, follow applicable BOD 22-01 guidance for cloud services, or discontinue use of the product if mitigations are unavailable.",2026-01-07,Unknown,https://www.asus.com/support/faq/1018727/ ; https://nvd.nist.gov/vuln/detail/CVE-2025-59374,CWE-506
CVE-2025-40602,SonicWall,SMA1000 appliance,SonicWall SMA1000 Missing Authorization Vulnerability,2025-12-17,SonicWall SMA1000 contains a missing authorization vulnerability that could allow for privilege escalation appliance management console (AMC) of affected devices.,"Apply mitigations per vendor instructions, follow applicable BOD 22-01 guidance for cloud services, or discontinue use of the product if mitigations are unavailable",2025-12-24,Unknown,Check for signs of potential compromise on all internet accessible SonicWall SMA1000 instances after applying mitigations. For more information please see: https://psirt.global.sonicwall.com/vuln-detail/SNWLID-2025-0019 ; https://nvd.nist.gov/vuln/detail/CVE-2025-40602,"CWE-862, CWE-250"
CVE-2025-20393,Cisco,Multiple Products,Cisco Multiple Products Improper Input Validation Vulnerability,2025-12-17,"Cisco Secure Email Gateway, Secure Email, AsyncOS Software, and Web Manager appliances contains an improper input validation vulnerability that allows threat actors to execute arbitrary commands with root privileges on the underlying operating system of an affected appliance.","Apply mitigations per vendor instructions, follow applicable BOD 22-01 guidance for cloud services, or discontinue use of the product if mitigations are unavailable.",2025-12-24,Unknown,Please adhere to Cisco's guidelines to assess exposure and mitigate risks. Check for signs of potential compromise on all internet accessible Cisco products affected by this vulnerability. Apply any final mitigations provided by the vendor as soon as they become available. For more information please see: https://sec.cloudapps.cisco.com/security/center/content/CiscoSecurityAdvisory/cisco-sa-sma-attack-N9bf4 ; https://nvd.nist.gov/vuln/detail/CVE-2025-20393,CWE-20
CVE-2025-59718,Fortinet,Multiple Products,Fortinet Multiple Products Improper Verification of Cryptographic Signature Vulnerability,2025-12-16,"Fortinet FortiOS, FortiSwitchMaster, FortiProxy, and FortiWeb contain an improper verification of cryptographic signature vulnerability that may allow an unauthenticated attacker to bypass the FortiCloud SSO login authentication via a crafted SAML message. Please be aware that CVE-2025-59719 pertains to the same problem and is mentioned in the same vendor advisory. Ensure to apply all patches mentioned in the advisory.","Apply mitigations per vendor instructions, follow applicable BOD 22-01 guidance for cloud services, or discontinue use of the product if mitigations are unavailable.",2025-12-23,Unknown,https://fortiguard.fortinet.com/psirt/FG-IR-25-647 ; https://docs.fortinet.com/upgrade-tool/fortigate ; https://nvd.nist.gov/vuln/detail/CVE-2025-59718,CWE-347
CVE-2025-14611,Gladinet,CentreStack and Triofox,Gladinet CentreStack and Triofox Hard Coded Cryptographic Vulnerability,2025-12-15,Gladinet CentreStack and TrioFox contain a hardcoded cryptographic keys vulnerability for their implementation of the AES cryptoscheme. This vulnerability degrades security for public exposed endpoints that may make use of it and may offer arbitrary local file inclusion when provided a specially crafted request without authentication.,"Apply mitigations per vendor instructions, follow applicable BOD 22-01 guidance for cloud services, or discontinue use of the product if mitigations are unavailable.",2026-01-05,Unknown,https://www.centrestack.com/p/gce_latest_release.html ; https://access.triofox.com/releases_history/; https://support.centrestack.com/hc/en-us/articles/360007159054-Hardening-the-CentreStack-Cluster#h_01JQRV57T37HJFQZKBZH9NBXQP ; https://nvd.nist.gov/vuln/detail/CVE-2025-14611,CWE-798
CVE-2025-43529,Apple,Multiple Products,Apple Multiple Products Use-After-Free WebKit Vulnerability,2025-12-15,"Apple iOS, iPadOS, macOS, and other Apple products contain a use-after-free vulnerability in WebKit. Processing maliciously crafted web content may lead to memory corruption. This vulnerability could impact HTML parsers that use WebKit, including but not limited to Apple Safari and non-Apple products which rely on WebKit for HTML processing.","Apply mitigations per vendor instructions, follow applicable BOD 22-01 guidance for cloud services, or discontinue use of the product if mitigations are unavailable.",2026-01-05,Unknown,https://support.apple.com/en-us/125884 ; https://support.apple.com/en-us/125892 ; https://support.apple.com/en-us/125885 ; https://support.apple.com/en-us/125886 ; https://support.apple.com/en-us/125889 ; https://nvd.nist.gov/vuln/detail/CVE-2025-43529,CWE-416
CVE-2018-4063,Sierra Wireless,AirLink ALEOS,Sierra Wireless AirLink ALEOS Unrestricted Upload of File with Dangerous Type Vulnerability,2025-12-12,"Sierra Wireless AirLink ALEOS contains an unrestricted upload of file with dangerous type vulnerability. A specially crafted HTTP request can upload a file, resulting in executable code being uploaded, and routable, to the webserver. An attacker can make an authenticated HTTP request to trigger this vulnerability. The impacted product could be end-of-life (EoL) and/or end-of-service (EoS). Users should discontinue product utilization.","Apply mitigations per vendor instructions, follow applicable BOD 22-01 guidance for cloud services, or discontinue use of the product if mitigations are unavailable.",2026-01-02,Unknown,https://www.cisa.gov/news-events/ics-advisories/icsa-19-122-03 ; https://source.sierrawireless.com/resources/airlink/software_reference_docs/technical-bulletin/sierra-wireless-technical-bulletin---swi-psa-2019-003 ; https://source.sierrawireless.com/resources/airlink/hardware_reference_docs/airlink_es450_eol ; https://nvd.nist.gov/vuln/detail/CVE-2018-4063,CWE-434
CVE-2025-14174,Google,Chromium,Google Chromium Out of Bounds Memory Access Vulnerability,2025-12-12,"Google Chromium contains an out of bounds memory access vulnerability in ANGLE that could allow a remote attacker to perform out of bounds memory access via a crafted HTML page. This vulnerability could affect multiple web browsers that utilize Chromium, including, but not limited to, Google Chrome, Microsoft Edge, and Opera.","Apply mitigations per vendor instructions, follow applicable BOD 22-01 guidance for cloud services, or discontinue use of the product if mitigations are unavailable.",2026-01-02,Unknown,https://chromereleases.googleblog.com/2025/12/stable-channel-update-for-desktop_10.html ; https://learn.microsoft.com/en-us/deployedge/microsoft-edge-relnotes-security ; https://nvd.nist.gov/vuln/detail/CVE-2025-14174,
CVE-2025-58360,OSGeo,GeoServer,OSGeo GeoServer Improper Restriction of XML External Entity Reference Vulnerability,2025-12-11,OSGeo GeoServer contains an improper restriction of XML external entity reference vulnerability that occurs when the application accepts XML input through a specific endpoint /geoserver/wms operation GetMap and could allow an attacker to define external entities within the XML request.,"Apply mitigations per vendor instructions, follow applicable BOD 22-01 guidance for cloud services, or discontinue use of the product if mitigations are unavailable.",2026-01-01,Unknown,"This vulnerability affects an open-source component, third-party library, or a protocol used by different products. For more information, please see: https://github.com/geoserver/geoserver/security/advisories/GHSA-fjf5-xgmq-5525 ; https://osgeo-org.atlassian.net/browse/GEOS-11922 ; https://nvd.nist.gov/vuln/detail/CVE-2025-58360",CWE-611
CVE-2025-6218,RARLAB,WinRAR,RARLAB WinRAR Path Traversal Vulnerability,2025-12-09,RARLAB WinRAR contains a path traversal vulnerability allowing an attacker to execute code in the context of the current user.,"Apply mitigations per vendor instructions, follow applicable BOD 22-01 guidance for cloud services, or discontinue use of the product if mitigations are unavailable.",2025-12-30,Unknown,https://www.win-rar.com/singlenewsview.html?&L=0&tx_ttnews%5Btt_news%5D=276&cHash=b5165454d983fc9717bc8748901a64f9 ; https://nvd.nist.gov/vuln/detail/CVE-2025-6218,CWE-22
CVE-2025-62221,Microsoft,Windows,Microsoft Windows Use After Free Vulnerability,2025-12-09,Microsoft Windows Cloud Files Mini Filter Driver contains a use after free vulnerability that can allow an authorized attacker to elevate privileges locally.,"Apply mitigations per vendor instructions, follow applicable BOD 22-01 guidance for cloud services, or discontinue use of the product if mitigations are unavailable.",2025-12-30,Unknown,https://msrc.microsoft.com/update-guide/en-US/vulnerability/CVE-2025-62221 ; https://nvd.nist.gov/vuln/detail/CVE-2025-62221,CWE-416
CVE-2022-37055,D-Link,Routers,D-Link Routers Buffer Overflow Vulnerability,2025-12-08,"D-Link Routers contains a buffer overflow vulnerability that has a high impact on confidentiality, integrity, and availability. The impacted products could be end-of-life (EoL) and/or end-of-service (EoS). Users should discontinue product utilization.","Apply mitigations per vendor instructions, follow applicable BOD 22-01 guidance for cloud services, or discontinue use of the product if mitigations are unavailable.",2025-12-29,Unknown,https://supportannouncement.us.dlink.com/security/publication.aspx?name=SAP10308 ; https://nvd.nist.gov/vuln/detail/CVE-2022-37055,CWE-120
CVE-2025-66644,Array Networks ,ArrayOS AG,Array Networks ArrayOS AG OS Command Injection Vulnerability,2025-12-08,Array Networks ArrayOS AG contains an OS command injection vulnerability that could allow an attacker to execute arbitrary commands.,"Apply mitigations per vendor instructions, follow applicable BOD 22-01 guidance for cloud services, or discontinue use of the product if mitigations are unavailable.",2025-12-29,Unknown,https://support.arraynetworks.net/prx/001/http/supportportal.arraynetworks.net/ag.html ; https://www.jpcert.or.jp/at/2025/at250024.html ; https://nvd.nist.gov/vuln/detail/CVE-2025-66644,CWE-78
CVE-2025-55182,Meta,React Server Components,Meta React Server Components Remote Code Execution Vulnerability,2025-12-05,"Meta React Server Components contains a remote code execution vulnerability that could allow unauthenticated remote code execution by exploiting a flaw in how React decodes payloads sent to React Server Function endpoints. Please note CVE-2025-66478 has been rejected, but it is associated with CVE-2025- 55182.","Apply mitigations per vendor instructions, follow applicable BOD 22-01 guidance for cloud services, or discontinue use of the product if mitigations are unavailable.",2025-12-12,Known,"Check for signs of potential compromise on all internet accessible REACT instances after applying mitigations. For more information, please see: https://react.dev/blog/2025/12/03/critical-security-vulnerability-in-react-server-components ; https://github.com/vercel-labs/fix-react2shell-next?tab=readme-ov-file ; https://nvd.nist.gov/vuln/detail/CVE-2025-55182",
CVE-2021-26828,OpenPLC,ScadaBR,OpenPLC ScadaBR Unrestricted Upload of File with Dangerous Type Vulnerability,2025-12-03,OpenPLC ScadaBR contains an unrestricted upload of file with dangerous type vulnerability that allows remote authenticated users to upload and execute arbitrary JSP files via view_edit.shtm.,"Apply mitigations per vendor instructions, follow applicable BOD 22-01 guidance for cloud services, or discontinue use of the product if mitigations are unavailable.",2025-12-24,Unknown,"This vulnerability could affect an open-source component, third-party library, protocol, or proprietary implementation that could be used by different products. For more information, please see: https://github.com/SCADA-LTS/Scada-LTS/pull/2174 ; https://nvd.nist.gov/vuln/detail/CVE-2021-26828",CWE-434
CVE-2025-48633,Android,Framework,Android Framework Information Disclosure Vulnerability,2025-12-02,Android Framework contains an unspecified vulnerability that allows for information disclosure.,"Apply mitigations per vendor instructions, follow applicable BOD 22-01 guidance for cloud services, or discontinue use of the product if mitigations are unavailable.",2025-12-23,Unknown,https://source.android.com/docs/security/bulletin/2025-12-01 ; https://nvd.nist.gov/vuln/detail/CVE-2025-48633,
CVE-2025-48572,Android,Framework,Android Framework Privilege Escalation Vulnerability,2025-12-02,Android Framework contains an unspecified vulnerability that allows for privilege escalation.,"Apply mitigations per vendor instructions, follow applicable BOD 22-01 guidance for cloud services, or discontinue use of the product if mitigations are unavailable.",2025-12-23,Unknown,https://source.android.com/docs/security/bulletin/2025-12-01 ; https://nvd.nist.gov/vuln/detail/CVE-2025-48572,
CVE-2021-26829,OpenPLC,ScadaBR,OpenPLC ScadaBR Cross-site Scripting Vulnerability,2025-11-28,OpenPLC ScadaBR contains a cross-site scripting vulnerability via system_settings.shtm.,"Apply mitigations per vendor instructions, follow applicable BOD 22-01 guidance for cloud services, or discontinue use of the product if mitigations are unavailable.",2025-12-19,Unknown,"This vulnerability could affect an open-source component, third-party library, protocol, or proprietary implementation that could be used by different products. For more information, please see: https://github.com/SCADA-LTS/Scada-LTS/pull/3211 ; https://nvd.nist.gov/vuln/detail/CVE-2021-26829",CWE-79
CVE-2025-61757,Oracle,Fusion Middleware,Oracle Fusion Middleware Missing Authentication for Critical Function Vulnerability,2025-11-21,"Oracle Fusion Middleware contains a missing authentication for critical function vulnerability, allowing unauthenticated remote attackers to take over Identity Manager.","Apply mitigations per vendor instructions, follow applicable BOD 22-01 guidance for cloud services, or discontinue use of the product if mitigations are unavailable.",2025-12-12,Unknown,https://www.oracle.com/security-alerts/cpuoct2025.html ; https://nvd.nist.gov/vuln/detail/CVE-2025-61757,CWE-306
CVE-2025-13223,Google,Chromium V8,Google Chromium V8 Type Confusion Vulnerability,2025-11-19,Google Chromium V8 contains a type confusion vulnerability that allows for heap corruption.,"Apply mitigations per vendor instructions, follow applicable BOD 22-01 guidance for cloud services, or discontinue use of the product if mitigations are unavailable.",2025-12-10,Unknown,https://chromereleases.googleblog.com/2025/11/stable-channel-update-for-desktop_17.html ; https://nvd.nist.gov/vuln/detail/CVE-2025-13223,CWE-843
CVE-2025-58034,Fortinet,FortiWeb,Fortinet FortiWeb OS Command Injection Vulnerability,2025-11-18,Fortinet FortiWeb contains an OS command Injection vulnerability that may allow an authenticated attacker to execute unauthorized code on the underlying system via crafted HTTP requests or CLI commands.,"Apply mitigations per vendor instructions, follow applicable BOD 22-01 guidance for cloud services, or discontinue use of the product if mitigations are unavailable.",2025-11-25,Unknown,https://fortiguard.fortinet.com/psirt/FG-IR-25-513 ; https://nvd.nist.gov/vuln/detail/CVE-2025-58034,CWE-78
CVE-2025-64446,Fortinet,FortiWeb,Fortinet FortiWeb Path Traversal Vulnerability,2025-11-14,Fortinet FortiWeb contains a relative path traversal vulnerability that may allow an unauthenticated attacker to execute administrative commands on the system via crafted HTTP or HTTPS requests.,"Apply mitigations per vendor instructions, follow applicable BOD 22-01 guidance for cloud services, or discontinue use of the product if mitigations are unavailable.",2025-11-21,Unknown,https://www.fortiguard.com/psirt/FG-IR-25-910 ; https://nvd.nist.gov/vuln/detail/CVE-2025-64446,CWE-23
CVE-2025-12480,Gladinet,Triofox,Gladinet Triofox Improper Access Control Vulnerability,2025-11-12,Gladinet Triofox contains an improper access control vulnerability that allows access to initial setup pages even after setup is complete.,"Apply mitigations per vendor instructions, follow applicable BOD 22-01 guidance for cloud services, or discontinue use of the product if mitigations are unavailable.",2025-12-03,Unknown,https://access.triofox.com/releases_history ; https://nvd.nist.gov/vuln/detail/CVE-2025-12480,CWE-284
CVE-2025-62215,Microsoft,Windows,Microsoft Windows Race Condition Vulnerability,2025-11-12,Microsoft Windows Kernel contains a race condition vulnerability that allows a local attacker with low-level privileges to escalate privileges. Successful exploitation of this vulnerability could enable the attacker to gain SYSTEM-level access.,"Apply mitigations per vendor instructions, follow applicable BOD 22-01 guidance for cloud services, or discontinue use of the product if mitigations are unavailable.",2025-12-03,Unknown,https://msrc.microsoft.com/update-guide/en-US/vulnerability/CVE-2025-62215 ; https://nvd.nist.gov/vuln/detail/CVE-2025-62215,CWE-362
CVE-2025-9242,WatchGuard,Firebox,WatchGuard Firebox Out-of-Bounds Write Vulnerability,2025-11-12,WatchGuard Firebox contains an out-of-bounds write vulnerability in the OS iked process that may allow a remote unauthenticated attacker to execute arbitrary code.,"Apply mitigations per vendor instructions, follow applicable BOD 22-01 guidance for cloud services, or discontinue use of the product if mitigations are unavailable.",2025-12-03,Unknown,https://www.watchguard.com/wgrd-psirt/advisory/wgsa-2025-00015 ; https://nvd.nist.gov/vuln/detail/CVE-2025-9242,CWE-787
CVE-2025-21042,Samsung,Mobile Devices,Samsung Mobile Devices Out-of-Bounds Write Vulnerability,2025-11-10,Samsung mobile devices contain an out-of-bounds write vulnerability in libimagecodec.quram.so. This vulnerability could allow remote attackers to execute arbitrary code.,"Apply mitigations per vendor instructions, follow applicable BOD 22-01 guidance for cloud services, or discontinue use of the product if mitigations are unavailable.",2025-12-01,Unknown,https://security.samsungmobile.com/securityUpdate.smsb?year=2025&month=04 ; https://nvd.nist.gov/vuln/detail/CVE-2025-21042,CWE-787
CVE-2025-48703,CWP,Control Web Panel,CWP Control Web Panel OS Command Injection Vulnerability,2025-11-04,CWP Control Web Panel (formerly CentOS Web Panel) contains an OS command Injection vulnerability that allows unauthenticated remote code execution via shell metacharacters in the t_total parameter in a filemanager changePerm request. A valid non-root username must be known.,"Apply mitigations per vendor instructions, follow applicable BOD 22-01 guidance for cloud services, or discontinue use of the product if mitigations are unavailable.",2025-11-25,Unknown,https://control-webpanel.com/changelog ; https://nvd.nist.gov/vuln/detail/CVE-2025-48703,CWE-78
CVE-2025-11371,Gladinet,CentreStack and Triofox,Gladinet CentreStack and Triofox Files or Directories Accessible to External Parties Vulnerability,2025-11-04,Gladinet CentreStack and Triofox contains a files or directories accessible to external parties vulnerability that allows unintended disclosure of system files.,"Apply mitigations per vendor instructions, follow applicable BOD 22-01 guidance for cloud services, or discontinue use of the product if mitigations are unavailable.",2025-11-25,Unknown,https://www.centrestack.com/p/gce_latest_release.html ; https://nvd.nist.gov/vuln/detail/CVE-2025-11371,CWE-552
CVE-2025-41244,Broadcom,VMware Aria Operations and VMware Tools,Broadcom VMware Aria Operations and VMware Tools Privilege Defined with Unsafe Actions Vulnerability,2025-10-30,Broadcom VMware Aria Operations and VMware Tools contain a privilege defined with unsafe actions vulnerability. A malicious local actor with non-administrative privileges having access to a VM with VMware Tools installed and managed by Aria Operations with SDMP enabled may exploit this vulnerability to escalate privileges to root on the same VM.,"Apply mitigations per vendor instructions, follow applicable BOD 22-01 guidance for cloud services, or discontinue use of the product if mitigations are unavailable.",2025-11-20,Unknown,https://support.broadcom.com/web/ecx/support-content-notification/-/external/content/SecurityAdvisories/0/36149 ; https://nvd.nist.gov/vuln/detail/CVE-2025-41244,CWE-267
CVE-2025-24893,XWiki,Platform,XWiki Platform Eval Injection Vulnerability,2025-10-30,XWiki Platform contains an eval injection vulnerability that could allow any guest to perform arbitrary remote code execution through a request to SolrSearch.,"Apply mitigations per vendor instructions, follow applicable BOD 22-01 guidance for cloud services, or discontinue use of the product if mitigations are unavailable.",2025-11-20,Unknown,https://github.com/xwiki/xwiki-platform/security/advisories/GHSA-rr6p-3pfg-562j ; https://nvd.nist.gov/vuln/detail/CVE-2025-24893,CWE-95
CVE-2025-6204,Dassault Systèmes,DELMIA Apriso,Dassault Systèmes DELMIA Apriso Code Injection Vulnerability,2025-10-28,Dassault Systèmes DELMIA Apriso contains a code injection vulnerability that could allow an attacker to execute arbitrary code.,"Apply mitigations per vendor instructions, follow applicable BOD 22-01 guidance for cloud services, or discontinue use of the product if mitigations are unavailable.",2025-11-18,Unknown,https://www.3ds.com/trust-center/security/security-advisories/cve-2025-6204 ; https://nvd.nist.gov/vuln/detail/CVE-2025-6204,CWE-94
CVE-2025-6205,Dassault Systèmes,DELMIA Apriso,Dassault Systèmes DELMIA Apriso Missing Authorization Vulnerability,2025-10-28,Dassault Systèmes DELMIA Apriso contains a missing authorization vulnerability that could allow an attacker to gain privileged access to the application.,"Apply mitigations per vendor instructions, follow applicable BOD 22-01 guidance for cloud services, or discontinue use of the product if mitigations are unavailable.",2025-11-18,Unknown,https://www.3ds.com/trust-center/security/security-advisories/cve-2025-6205 ; https://nvd.nist.gov/vuln/detail/CVE-2025-6205,CWE-862
CVE-2025-54236,Adobe,Commerce and Magento,Adobe Commerce and Magento Improper Input Validation Vulnerability,2025-10-24,Adobe Commerce and Magento Open Source contain an improper input validation vulnerability that could allow an attacker to take over customer accounts through the Commerce REST API.,"Apply mitigations per vendor instructions, follow applicable BOD 22-01 guidance for cloud services, or discontinue use of the product if mitigations are unavailable.",2025-11-14,Unknown,https://experienceleague.adobe.com/en/docs/experience-cloud-kcs/kbarticles/ka-27397 ; https://nvd.nist.gov/vuln/detail/CVE-2025-54236,CWE-20
CVE-2025-59287,Microsoft,Windows,Microsoft Windows Server Update Service (WSUS) Deserialization of Untrusted Data Vulnerability,2025-10-24,Microsoft Windows Server Update Service (WSUS) contains a deserialization of untrusted data vulnerability that allows for remote code execution.,"Apply mitigations per vendor instructions, follow applicable BOD 22-01 guidance for cloud services, or discontinue use of the product if mitigations are unavailable.",2025-11-14,Unknown,https://msrc.microsoft.com/update-guide/en-US/vulnerability/CVE-2025-59287 ; https://nvd.nist.gov/vuln/detail/CVE-2025-59287,CWE-502
CVE-2025-61932,Motex,LANSCOPE Endpoint Manager,Motex LANSCOPE Endpoint Manager Improper Verification of Source of a Communication Channel Vulnerability,2025-10-22,Motex LANSCOPE Endpoint Manager contains an improper verification of source of a communication channel vulnerability allowing an attacker to execute arbitrary code by sending specially crafted packets.,"Apply mitigations per vendor instructions, follow applicable BOD 22-01 guidance for cloud services, or discontinue use of the product if mitigations are unavailable.",2025-11-12,Unknown,https://www.motex.co.jp/news/notice/2025/release251020/ ; https://nvd.nist.gov/vuln/detail/CVE-2025-61932,CWE-940
CVE-2022-48503,Apple,Multiple Products,Apple Multiple Products Unspecified Vulnerability,2025-10-20,"Apple macOS, iOS, tvOS, Safari, and watchOS contain an unspecified vulnerability in JavaScriptCore that when processing web content may lead to arbitrary code execution. The impacted product could be end-of-life (EoL) and/or end-of-service (EoS). Users should discontinue product utilization.","Apply mitigations per vendor instructions, follow applicable BOD 22-01 guidance for cloud services, or discontinue use of the product if mitigations are unavailable.",2025-11-10,Unknown,https://support.apple.com/en-us/HT213340 ; https://support.apple.com/en-us/HT213341 ; https://support.apple.com/en-us/HT213342 ; https://support.apple.com/en-us/HT213345 ; https://support.apple.com/en-us/HT213346 ; https://nvd.nist.gov/vuln/detail/CVE-2022-48503,
CVE-2025-2746,Kentico,Xperience CMS,Kentico Xperience CMS Authentication Bypass Using an Alternate Path or Channel Vulnerability,2025-10-20,Kentico Xperience CMS contains an authentication bypass using an alternate path or channel vulnerability that could allow an attacker to control administrative objects.,"Apply mitigations per vendor instructions, follow applicable BOD 22-01 guidance for cloud services, or discontinue use of the product if mitigations are unavailable.",2025-11-10,Unknown,https://devnet.kentico.com/download/hotfixes ; https://nvd.nist.gov/vuln/detail/CVE-2025-2746,CWE-288
CVE-2025-2747,Kentico,Xperience CMS,Kentico Xperience CMS Authentication Bypass Using an Alternate Path or Channel Vulnerability,2025-10-20,Kentico Xperience CMS contains an authentication bypass using an alternate path or channel vulnerability that could allow an attacker to control administrative objects.,"Apply mitigations per vendor instructions, follow applicable BOD 22-01 guidance for cloud services, or discontinue use of the product if mitigations are unavailable.",2025-11-10,Unknown,https://devnet.kentico.com/download/hotfixes ; https://nvd.nist.gov/vuln/detail/CVE-2025-2747,CWE-288
CVE-2025-33073,Microsoft,Windows,Microsoft Windows SMB Client Improper Access Control Vulnerability,2025-10-20,Microsoft Windows SMB Client contains an improper access control vulnerability that could allow for privilege escalation. An attacker could execute a specially crafted malicious script to coerce the victim machine to connect back to the attack system using SMB and authenticate.,"Apply mitigations per vendor instructions, follow applicable BOD 22-01 guidance for cloud services, or discontinue use of the product if mitigations are unavailable.",2025-11-10,Unknown,https://msrc.microsoft.com/update-guide/en-US/advisory/CVE-2025-33073 ; https://nvd.nist.gov/vuln/detail/CVE-2025-33073,CWE-284
CVE-2025-61884,Oracle,E-Business Suite,Oracle E-Business Suite Server-Side Request Forgery (SSRF) Vulnerability,2025-10-20,Oracle E-Business Suite contains a server-side request forgery (SSRF) vulnerability in the Runtime component of Oracle Configurator. This vulnerability is remotely exploitable without authentication.,"Apply mitigations per vendor instructions, follow applicable BOD 22-01 guidance for cloud services, or discontinue use of the product if mitigations are unavailable.",2025-11-10,Known,https://www.oracle.com/security-alerts/alert-cve-2025-61884.html ; https://nvd.nist.gov/vuln/detail/CVE-2025-61884,CWE-918
CVE-2025-54253,Adobe,Experience Manager (AEM) Forms,Adobe Experience Manager Forms Code Execution Vulnerability,2025-10-15,Adobe Experience Manager Forms in JEE contains an unspecified vulnerability that allows for arbitrary code execution.,"Apply mitigations per vendor instructions, follow applicable BOD 22-01 guidance for cloud services, or discontinue use of the product if mitigations are unavailable.",2025-11-05,Unknown,https://helpx.adobe.com/security/products/aem-forms/apsb25-82.html ; https://nvd.nist.gov/vuln/detail/CVE-2025-54253,
CVE-2025-47827,IGEL,IGEL OS,IGEL OS Use of a Key Past its Expiration Date Vulnerability,2025-10-14,"IGEL OS contains a use of a key past its expiration date vulnerability that allows for Secure Boot bypass. The igel-flash-driver module improperly verifies a cryptographic signature. Ultimately, a crafted root filesystem can be mounted from an unverified SquashFS image.","Apply mitigations per vendor instructions, follow applicable BOD 22-01 guidance for cloud services, or discontinue use of the product if mitigations are unavailable.",2025-11-04,Unknown,https://msrc.microsoft.com/update-guide/en-US/vulnerability/CVE-2025-47827 ; https://nvd.nist.gov/vuln/detail/CVE-2025-47827,CWE-324
CVE-2025-24990,Microsoft,Windows,Microsoft Windows Untrusted Pointer Dereference Vulnerability,2025-10-14,Microsoft Windows Agere Modem Driver contains an untrusted pointer dereference vulnerability that allows for privilege escalation. An attacker who successfully exploited this vulnerability could gain administrator privileges.,"Apply mitigations per vendor instructions, follow applicable BOD 22-01 guidance for cloud services, or discontinue use of the product if mitigations are unavailable.",2025-11-04,Unknown,https://msrc.microsoft.com/update-guide/en-US/vulnerability/CVE-2025-24990 ; https://nvd.nist.gov/vuln/detail/CVE-2025-24990,CWE-822
CVE-2025-59230,Microsoft,Windows,Microsoft Windows Improper Access Control Vulnerability,2025-10-14,Microsoft Windows contains an improper access control vulnerability in Windows Remote Access Connection Manager which could allow an authorized attacker to elevate privileges locally.,"Apply mitigations per vendor instructions, follow applicable BOD 22-01 guidance for cloud services, or discontinue use of the product if mitigations are unavailable.",2025-11-04,Unknown,https://msrc.microsoft.com/update-guide/en-US/vulnerability/CVE-2025-59230 ; https://nvd.nist.gov/vuln/detail/CVE-2025-59230,CWE-284
CVE-2016-7836,SKYSEA,Client View,SKYSEA Client View Improper Authentication Vulnerability,2025-10-14,SKYSEA Client View contains an improper authentication vulnerability that allows remote code execution via a flaw in processing authentication on the TCP connection with the management console program.,"Apply mitigations per vendor instructions, follow applicable BOD 22-01 guidance for cloud services, or discontinue use of the product if mitigations are unavailable.",2025-11-04,Unknown,https://www.skyseaclientview.net/news/161221/ ; https://nvd.nist.gov/vuln/detail/CVE-2016-7836,CWE-287
CVE-2021-43798,Grafana Labs,Grafana,Grafana Path Traversal Vulnerability,2025-10-09,Grafana contains a path traversal vulnerability that could allow access to local files.,"Apply mitigations per vendor instructions, follow applicable BOD 22-01 guidance for cloud services, or discontinue use of the product if mitigations are unavailable.",2025-10-30,Unknown,https://grafana.com/blog/2021/12/07/grafana-8.3.1-8.2.7-8.1.8-and-8.0.7-released-with-high-severity-security-fix/ ; https://nvd.nist.gov/vuln/detail/CVE-2021-43798,CWE-22
CVE-2025-27915,Synacor,Zimbra Collaboration Suite (ZCS),Synacor Zimbra Collaboration Suite (ZCS) Cross-site Scripting Vulnerability,2025-10-07,"Synacor Zimbra Collaboration Suite (ZCS) contains a cross-site scripting vulnerability that exists in the Classic Web Client due to insufficient sanitization of HTML content in ICS files. When a user views an e-mail message containing a malicious ICS entry, its embedded JavaScript executes via an ontoggle event inside a tag. This allows an attacker to run arbitrary JavaScript within the victim's session, potentially leading to unauthorized actions such as setting e-mail filters to redirect messages to an attacker-controlled address. As a result, an attacker can perform unauthorized actions on the victim's account, including e-mail redirection and data exfiltration.","Apply mitigations per vendor instructions, follow applicable BOD 22-01 guidance for cloud services, or discontinue use of the product if mitigations are unavailable.",2025-10-28,Unknown,https://wiki.zimbra.com/wiki/Security_Center ; https://nvd.nist.gov/vuln/detail/CVE-2025-27915,CWE-79
CVE-2021-22555,Linux,Kernel,Linux Kernel Heap Out-of-Bounds Write Vulnerability,2025-10-06,Linux Kernel contains a heap out-of-bounds write vulnerability that could allow an attacker to gain privileges or cause a DoS (via heap memory corruption) through user name space.,"Apply mitigations per vendor instructions, follow applicable BOD 22-01 guidance for cloud services, or discontinue use of the product if mitigations are unavailable.",2025-10-27,Unknown,https://git.kernel.org/pub/scm/linux/kernel/git/torvalds/linux.git/commit/net/netfilter/x_tables.c?id=9fa492cdc160cd27ce1046cb36f47d3b2b1efa21 ; https://git.kernel.org/pub/scm/linux/kernel/git/torvalds/linux.git/commit/net/netfilter/x_tables.c?id=b29c457a6511435960115c0f548c4360d5f4801d ; https://security.netapp.com/advisory/ntap-20210805-0010/ ; https://github.com/google/security-research/security/advisories/GHSA-xxx5-8mvq-3528 ; https://nvd.nist.gov/vuln/detail/CVE-2021-22555,CWE-787
CVE-2010-3962,Microsoft,Internet Explorer,Microsoft Internet Explorer Uninitialized Memory Corruption Vulnerability,2025-10-06,Microsoft Internet Explorer contains an uninitialized memory corruption vulnerability that could allow for remote code execution. The impacted product could be end-of-life (EoL) and/or end-of-service (EoS). Users should discontinue product utilization.,"Apply mitigations per vendor instructions, follow applicable BOD 22-01 guidance for cloud services, or discontinue use of the product if mitigations are unavailable.",2025-10-27,Unknown,https://learn.microsoft.com/en-us/security-updates/SecurityAdvisories/2010/2458511?redirectedfrom=MSDN ; https://nvd.nist.gov/vuln/detail/CVE-2010-3962,
CVE-2021-43226,Microsoft,Windows,Microsoft Windows Privilege Escalation Vulnerability,2025-10-06,"Microsoft Windows Common Log File System Driver contains a privilege escalation vulnerability that could allow a local, privileged attacker to bypass certain security mechanisms.","Apply mitigations per vendor instructions, follow applicable BOD 22-01 guidance for cloud services, or discontinue use of the product if mitigations are unavailable.",2025-10-27,Known,https://msrc.microsoft.com/update-guide/vulnerability/CVE-2021-43226 ; https://nvd.nist.gov/vuln/detail/CVE-2021-43226,
CVE-2013-3918,Microsoft,Windows,Microsoft Windows Out-of-Bounds Write Vulnerability,2025-10-06,"Microsoft Windows contains an out-of-bounds write vulnerability in the InformationCardSigninHelper Class ActiveX control, icardie.dll. An attacker could exploit the vulnerability by constructing a specially crafted webpage. When a user views the webpage, the vulnerability could allow remote code execution. An attacker who successfully exploited this vulnerability could gain the same user rights as the current user. The impacted product could be end-of-life (EoL) and/or end-of-service (EoS). Users should discontinue product utilization.","Apply mitigations per vendor instructions, follow applicable BOD 22-01 guidance for cloud services, or discontinue use of the product if mitigations are unavailable.",2025-10-27,Unknown,https://docs.microsoft.com/en-us/security-updates/securitybulletins/2013/ms13-090 ; https://nvd.nist.gov/vuln/detail/CVE-2013-3918,
CVE-2011-3402,Microsoft,Windows,Microsoft Windows Remote Code Execution Vulnerability,2025-10-06,Microsoft Windows Kernel contains an unspecified vulnerability in the TrueType font parsing engine in win32k.sys in the kernel-mode drivers that allows remote attackers to execute arbitrary code via crafted font data in a Word document or web page.,"Apply mitigations per vendor instructions, follow applicable BOD 22-01 guidance for cloud services, or discontinue use of the product if mitigations are unavailable.",2025-10-27,Unknown,https://docs.microsoft.com/en-us/security-updates/securitybulletins/2011/ms11-087 ; https://nvd.nist.gov/vuln/detail/CVE-2011-3402,
CVE-2010-3765,Mozilla,Multiple Products,Mozilla Multiple Products Remote Code Execution Vulnerability,2025-10-06,"Mozilla Firefox, SeaMonkey, and Thunderbird contain an unspecified vulnerability when JavaScript is enabled. This allows remote attackers to execute arbitrary code via vectors related to nsCSSFrameConstructor::ContentAppended, the appendChild method, incorrect index tracking, and the creation of multiple frames, which triggers memory corruption.","Apply mitigations per vendor instructions, follow applicable BOD 22-01 guidance for cloud services, or discontinue use of the product if mitigations are unavailable.",2025-10-27,Unknown,https://www.mozilla.org/en-US/security/advisories/mfsa2010-73 ; https://nvd.nist.gov/vuln/detail/CVE-2010-3765,
CVE-2025-61882,Oracle,E-Business Suite,Oracle E-Business Suite Unspecified Vulnerability,2025-10-06,Oracle E-Business Suite contains an unspecified vulnerability in the BI Publisher Integration component. The vulnerability allows unauthenticated attacker with network access via HTTP to compromise Oracle Concurrent Processing. Successful attacks can result in takeover of Oracle Concurrent Processing.,"Apply mitigations per vendor instructions, follow applicable BOD 22-01 guidance for cloud services, or discontinue use of the product if mitigations are unavailable.",2025-10-27,Known,https://www.oracle.com/security-alerts/alert-cve-2025-61882.html ; https://nvd.nist.gov/vuln/detail/CVE-2025-61882,
CVE-2014-6278,GNU,GNU Bash,GNU Bash OS Command Injection Vulnerability,2025-10-02,GNU Bash contains an OS command injection vulnerability which allows remote attackers to execute arbitrary commands via a crafted environment.,"Apply mitigations per vendor instructions, follow applicable BOD 22-01 guidance for cloud services, or discontinue use of the product if mitigations are unavailable. ",2025-10-23,Unknown,"This vulnerability could affect an open-source component, third-party library, protocol, or proprietary implementation that could be used by different products. For more information, please see: http://ftp.gnu.org/gnu/bash/bash-4.3-patches/bash43-027 ; https://support.broadcom.com/web/ecx/support-content-notification/-/external/content/SecurityAdvisories/0/23467 ; https://sec.cloudapps.cisco.com/security/center/content/CiscoSecurityAdvisory/cisco-sa-20140926-bash ; https://www.ibm.com/support/pages/security-bulletin-update-vulnerabilities-bash-affect-aix-toolbox-linux-applications-cve-2014-6271-cve-2014-6277-cve-2014-6278-cve-2014-7169-cve-2014-7186-and-cve-2014-7187 ; https://nvd.nist.gov/vuln/detail/CVE-2014-6278",CWE-78
CVE-2017-1000353,Jenkins,Jenkins,Jenkins Remote Code Execution Vulnerability,2025-10-02,"Jenkins contains a remote code execution vulnerability. This vulnerability that could allowed attackers to transfer a serialized Java SignedObject object to the remoting-based Jenkins CLI, that would be deserialized using a new ObjectInputStream, bypassing the existing blocklist-based protection mechanism.","Apply mitigations per vendor instructions, follow applicable BOD 22-01 guidance for cloud services, or discontinue use of the product if mitigations are unavailable.",2025-10-23,Unknown,https://www.jenkins.io/security/advisory/2017-04-26/ ; https://nvd.nist.gov/vuln/detail/CVE-2017-1000353,
CVE-2015-7755,Juniper,ScreenOS,Juniper ScreenOS Improper Authentication Vulnerability,2025-10-02,Juniper ScreenOS contains an improper authentication vulnerability that could allow unauthorized remote administrative access to the device.,"Apply mitigations per vendor instructions, follow applicable BOD 22-01 guidance for cloud services, or discontinue use of the product if mitigations are unavailable.",2025-10-23,Unknown,https://supportportal.juniper.net/s/article/2015-12-Out-of-Cycle-Security-Bulletin-ScreenOS-Multiple-Security-issues-with-ScreenOS-CVE-2015-7755-CVE-2015-7756 ; https://nvd.nist.gov/vuln/detail/CVE-2015-7755,CWE-287
CVE-2025-21043,Samsung,Mobile Devices,Samsung Mobile Devices Out-of-Bounds Write Vulnerability,2025-10-02,Samsung mobile devices contain an out-of-bounds write vulnerability in libimagecodec.quram.so which allows remote attackers to execute arbitrary code.,"Apply mitigations per vendor instructions, follow applicable BOD 22-01 guidance for cloud services, or discontinue use of the product if mitigations are unavailable.",2025-10-23,Unknown,https://security.samsungmobile.com/securityUpdate.smsb?year=2025&month=09 ; https://nvd.nist.gov/vuln/detail/CVE-2025-21043,CWE-787
CVE-2025-4008,Smartbedded,Meteobridge,Smartbedded Meteobridge Command Injection Vulnerability,2025-10-02,Smartbedded Meteobridge contains a command injection vulnerability that could allow remote unauthenticated attackers to gain arbitrary command execution with elevated privileges (root) on affected devices.,"Apply mitigations per vendor instructions, follow applicable BOD 22-01 guidance for cloud services, or discontinue use of the product if mitigations are unavailable.",2025-10-23,Unknown,https://forum.meteohub.de/viewtopic.php?t=18687 ; https://nvd.nist.gov/vuln/detail/CVE-2025-4008,"CWE-306, CWE-77"
CVE-2025-32463,Sudo,Sudo,Sudo Inclusion of Functionality from Untrusted Control Sphere Vulnerability,2025-09-29,"Sudo contains an inclusion of functionality from untrusted control sphere vulnerability. This vulnerability could allow local attacker to leverage sudo’s -R (--chroot) option to run arbitrary commands as root, even if they are not listed in the sudoers file.","Apply mitigations per vendor instructions, follow applicable BOD 22-01 guidance for cloud services, or discontinue use of the product if mitigations are unavailable.",2025-10-20,Unknown,"This vulnerability could affect an open-source component, third-party library, protocol, or proprietary implementation that could be used by different products. For more information, please see: https://www.sudo.ws/security/advisories/chroot_bug/ ; https://nvd.nist.gov/vuln/detail/CVE-2025-32463",CWE-829
CVE-2025-59689,Libraesva,Email Security Gateway,Libraesva Email Security Gateway Command Injection Vulnerability,2025-09-29,Libraesva Email Security Gateway (ESG) contains a command injection vulnerability which allows command injection via a compressed e-mail attachment.,"Apply mitigations per vendor instructions, follow applicable BOD 22-01 guidance for cloud services, or discontinue use of the product if mitigations are unavailable.",2025-10-20,Unknown,https://docs.libraesva.com/knowledgebase/security-advisory-command-injection-vulnerability-cve-2025-59689/ ; https://nvd.nist.gov/vuln/detail/CVE-2025-59689,CWE-77
CVE-2025-10035,Fortra,GoAnywhere MFT,Fortra GoAnywhere MFT Deserialization of Untrusted Data Vulnerability,2025-09-29,"Fortra GoAnywhere MFT contains a deserialization of untrusted data vulnerability allows an actor with a validly forged license response signature to deserialize an arbitrary actor-controlled object, possibly leading to command injection.","Apply mitigations per vendor instructions, follow applicable BOD 22-01 guidance for cloud services, or discontinue use of the product if mitigations are unavailable.",2025-10-20,Known,https://www.fortra.com/security/advisories/product-security/fi-2025-012 ; https://nvd.nist.gov/vuln/detail/CVE-2025-10035,"CWE-502, CWE-77"
CVE-2025-20352,Cisco,IOS and IOS XE,Cisco IOS and IOS XE Software SNMP Denial of Service and Remote Code Execution Vulnerability,2025-09-29,"Cisco IOS and IOS XE contains a stack-based buffer overflow vulnerability in the Simple Network Management Protocol (SNMP) subsystem that could allow for denial of service or remote code execution. A successful exploit could allow a low-privileged attacker to cause the affected system to reload, resulting in a DoS condition, or allow a high-privileged attacker to execute arbitrary code as the root user and obtain full control of the affected system.","Apply mitigations per vendor instructions, follow applicable BOD 22-01 guidance for cloud services, or discontinue use of the product if mitigations are unavailable.",2025-10-20,Unknown,https://sec.cloudapps.cisco.com/security/center/content/CiscoSecurityAdvisory/cisco-sa-snmp-x4LPhte ; https://nvd.nist.gov/vuln/detail/CVE-2025-20352,CWE-121
CVE-2021-21311,Adminer,Adminer,Adminer Server-Side Request Forgery Vulnerability,2025-09-29,"Adminer contains a server-side request forgery vulnerability that, when exploited, allows a remote attacker to obtain potentially sensitive information.","Apply mitigations per vendor instructions, follow applicable BOD 22-01 guidance for cloud services, or discontinue use of the product if mitigations are unavailable.",2025-10-20,Unknown,https://github.com/vrana/adminer/security/advisories/GHSA-x5r2-hj5c-8jx6 ; https://nvd.nist.gov/vuln/detail/CVE-2021-21311,CWE-918
CVE-2025-20362,Cisco,Secure Firewall Adaptive Security Appliance and Secure Firewall Threat Defense,Cisco Secure Firewall Adaptive Security (ASA) Appliance and Secure Firewall Threat Defense (FTD) Missing Authorization Vulnerability,2025-09-25,Cisco Secure Firewall Adaptive Security (ASA) Appliance and Secure Firewall Threat Defense (FTD) Software VPN Web Server contain a missing authorization vulnerability. This vulnerability could be chained with CVE-2025-20333.,The KEV due date refers to the deadline by which FCEB agencies are expected to review and begin implementing the guidance outlined in Emergency Directive (ED) 25-03 (URL listed below in Notes). Agencies must follow the mitigation steps provided by CISA (URL listed below in Notes) and vendor’s instructions (URL listed below in Notes). Adhere to the applicable BOD 22-01 guidance for cloud services or discontinue use of the product if mitigations are not available.,2025-09-26,Unknown,CISA Mitigation Instructions: https://www.cisa.gov/news-events/directives/ed-25-03-identify-and-mitigate-potential-compromise-cisco-devices ; https://www.cisa.gov/news-events/directives/supplemental-direction-ed-25-03-core-dump-and-hunt-instructions ; https://www.cisa.gov/eviction-strategies-tool/create-from-template ; https://sec.cloudapps.cisco.com/security/center/resources/asa_ftd_continued_attacks ;   https://sec.cloudapps.cisco.com/security/center/private/resources/asa_ftd_continued_attacks#Details ; https://sec.cloudapps.cisco.com/security/center/content/CiscoSecurityAdvisory/cisco-sa-asaftd-webvpn-YROOTUW ; https://nvd.nist.gov/vuln/detail/CVE-2025-20362,CWE-862
CVE-2025-20333,Cisco,Secure Firewall Adaptive Security Appliance and Secure Firewall Threat Defense,Cisco Secure Firewall Adaptive Security Appliance (ASA) and Secure Firewall Threat Defense (FTD) Buffer Overflow Vulnerability,2025-09-25,Cisco Secure Firewall Adaptive Security (ASA) Appliance and Secure Firewall Threat Defense (FTD) Software VPN Web Server contain a buffer overflow vulnerability that allows for remote code execution. This vulnerability could be chained with CVE-2025-20362.,The KEV due date refers to the deadline by which FCEB agencies are expected to review and begin implementing the guidance outlined in Emergency Directive (ED) 25-03 (URL listed below in Notes). Agencies must follow the mitigation steps provided by CISA (URL listed below in Notes) and vendor’s instructions (URL listed below in Notes). Adhere to the applicable BOD 22-01 guidance for cloud services or discontinue use of the product if mitigations are not available.,2025-09-26,Unknown,CISA Mitigation Instructions: https://www.cisa.gov/news-events/directives/ed-25-03-identify-and-mitigate-potential-compromise-cisco-devices ; https://www.cisa.gov/news-events/directives/supplemental-direction-ed-25-03-core-dump-and-hunt-instructions ; https://www.cisa.gov/eviction-strategies-tool/create-from-template ; https://sec.cloudapps.cisco.com/security/center/resources/asa_ftd_continued_attacks ;    https://sec.cloudapps.cisco.com/security/center/private/resources/asa_ftd_continued_attacks#Details ; https://sec.cloudapps.cisco.com/security/center/content/CiscoSecurityAdvisory/cisco-sa-asaftd-webvpn-z5xP8EUB ; https://nvd.nist.gov/vuln/detail/CVE-2025-20333,CWE-120
CVE-2025-10585,Google,Chromium V8,Google Chromium V8 Type Confusion Vulnerability,2025-09-23,Google Chromium contains a type confusion vulnerability in the V8 JavaScript and WebAssembly engine.,"Apply mitigations per vendor instructions, follow applicable BOD 22-01 guidance for cloud services, or discontinue use of the product if mitigations are unavailable.",2025-10-14,Unknown,https://chromereleases.googleblog.com/2025/09/stable-channel-update-for-desktop_17.html ; https://nvd.nist.gov/vuln/detail/CVE-2025-10585,CWE-843
CVE-2025-5086,Dassault Systèmes,DELMIA Apriso,Dassault Systèmes DELMIA Apriso Deserialization of Untrusted Data Vulnerability,2025-09-11,Dassault Systèmes DELMIA Apriso contains a deserialization of untrusted data vulnerability that could lead to a remote code execution.,"Apply mitigations per vendor instructions, follow applicable BOD 22-01 guidance for cloud services, or discontinue use of the product if mitigations are unavailable.",2025-10-02,Unknown,https://www.3ds.com/trust-center/security/security-advisories/cve-2025-5086 ; https://nvd.nist.gov/vuln/detail/CVE-2025-5086,CWE-502
CVE-2025-38352,Linux,Kernel,Linux Kernel Time-of-Check Time-of-Use (TOCTOU) Race Condition Vulnerability,2025-09-04,"Linux kernel contains a time-of-check time-of-use (TOCTOU) race condition vulnerability that has a high impact on confidentiality, integrity, and availability.","Apply mitigations per vendor instructions, follow applicable BOD 22-01 guidance for cloud services, or discontinue use of the product if mitigations are unavailable.",2025-09-25,Unknown,"This vulnerability affects a common open-source component, third-party library, or a protocol used by different products. Please check with specific vendors for information on patching status. For more information, please see: https://git.kernel.org/pub/scm/linux/kernel/git/stable/linux.git/commit/?id=2c72fe18cc5f9f1750f5bc148cf1c94c29e106ff ; https://source.android.com/docs/security/bulletin/2025-09-01 ; https://nvd.nist.gov/vuln/detail/CVE-2025-38352",CWE-367
CVE-2025-48543,Android,Runtime,Android Runtime Use-After-Free Vulnerability,2025-09-04,Android Runtime contains a use-after-free vulnerability potentially allowing a chrome sandbox escape leading to local privilege escalation.,"Apply mitigations per vendor instructions, follow applicable BOD 22-01 guidance for cloud services, or discontinue use of the product if mitigations are unavailable.",2025-09-25,Unknown,https://source.android.com/docs/security/bulletin/2025-09-01 ; https://nvd.nist.gov/vuln/detail/CVE-2025-48543,
CVE-2025-53690,Sitecore,Multiple Products,Sitecore Multiple Products Deserialization of Untrusted Data Vulnerability,2025-09-04,"Sitecore Experience Manager (XM), Experience Platform (XP), Experience Commerce (XC), and Managed Cloud contain a deserialization of untrusted data vulnerability involving the use of default machine keys. This flaw allows attackers to exploit exposed ASP.NET machine keys to achieve remote code execution. ","Apply mitigations per vendor instructions, follow applicable BOD 22-01 guidance for cloud services, or discontinue use of the product if mitigations are unavailable.",2025-09-25,Unknown,https://support.sitecore.com/kb?id=kb_article_view&sysparm_article=KB1003865 ; https://nvd.nist.gov/vuln/detail/CVE-2025-53690,CWE-502
CVE-2023-50224,TP-Link,TL-WR841N,TP-Link TL-WR841N Authentication Bypass by Spoofing Vulnerability,2025-09-03,"TP-Link TL-WR841N contains an authentication bypass by spoofing vulnerability within the httpd service, which listens on TCP port 80 by default, leading to the disclose of stored credentials. The impacted products could be end-of-life (EoL) and/or end-of-service (EoS). Users should discontinue product utilization.","Apply mitigations per vendor instructions, follow applicable BOD 22-01 guidance for cloud services, or discontinue use of the product if mitigations are unavailable.",2025-09-24,Unknown,https://www.tp-link.com/us/support/faq/4308/ ; https://nvd.nist.gov/vuln/detail/CVE-2023-50224,CWE-290
CVE-2025-9377,TP-Link,Multiple Routers,TP-Link Archer C7(EU) and TL-WR841N/ND(MS) OS Command Injection Vulnerability,2025-09-03,TP-Link Archer C7(EU) and TL-WR841N/ND(MS) contain an OS command injection vulnerability that exists in the Parental Control page. The impacted products could be end-of-life (EoL) and/or end-of-service (EoS). Users should discontinue product utilization.,"Apply mitigations per vendor instructions, follow applicable BOD 22-01 guidance for cloud services, or discontinue use of the product if mitigations are unavailable.",2025-09-24,Unknown,https://www.tp-link.com/us/support/faq/4308/ ; https://nvd.nist.gov/vuln/detail/CVE-2025-9377,CWE-78
CVE-2020-24363,TP-Link,TL-WA855RE,TP-link TL-WA855RE Missing Authentication for Critical Function Vulnerability,2025-09-02,TP-link TL-WA855RE contains a missing authentication for critical function vulnerability. This vulnerability could allow an unauthenticated attacker (on the same network) to submit a TDDP_RESET POST request for a factory reset and reboot. The attacker can then obtain incorrect access control by setting a new administrative password. The impacted products could be end-of-life (EoL) and/or end-of-service (EoS). Users should discontinue product utilization.,"Apply mitigations per vendor instructions, follow applicable BOD 22-01 guidance for cloud services, or discontinue use of the product if mitigations are unavailable.",2025-09-23,Unknown,https://www.tp-link.com/us/home-networking/range-extender/tl-wa855re/#overview ; https://www.tp-link.com/us/support/download/tl-wa855re/#FAQs ; https://nvd.nist.gov/vuln/detail/CVE-2020-24363,CWE-306
CVE-2025-55177,Meta Platforms,WhatsApp,Meta Platforms WhatsApp Incorrect Authorization Vulnerability,2025-09-02,Meta Platforms WhatsApp contains an incorrect authorization vulnerability due to an incomplete authorization of linked device synchronization messages. This vulnerability could allow an unrelated user to trigger processing of content from an arbitrary URL on a target’s device.,"Apply mitigations per vendor instructions, follow applicable BOD 22-01 guidance for cloud services, or discontinue use of the product if mitigations are unavailable.",2025-09-23,Unknown,https://www.whatsapp.com/security/advisories/2025/ ; https://nvd.nist.gov/vuln/detail/CVE-2025-55177,CWE-863
CVE-2025-57819,Sangoma,FreePBX,Sangoma FreePBX Authentication Bypass Vulnerability,2025-08-29,Sangoma FreePBX contains an authentication bypass vulnerability due to insufficiently sanitized user-supplied data allows unauthenticated access to FreePBX Administrator leading to arbitrary database manipulation and remote code execution.,"Apply mitigations per vendor instructions, follow applicable BOD 22-01 guidance for cloud services, or discontinue use of the product if mitigations are unavailable.",2025-09-19,Unknown,https://github.com/FreePBX/security-reporting/security/advisories/GHSA-m42g-xg4c-5f3h ; https://nvd.nist.gov/vuln/detail/CVE-2025-57819,"CWE-89, CWE-288"
CVE-2025-7775,Citrix,NetScaler,Citrix NetScaler Memory Overflow Vulnerability,2025-08-26,Citrix NetScaler ADC and NetScaler Gateway contain a memory overflow vulnerability that could allow for remote code execution and/or denial of service.,"Apply mitigations per vendor instructions, follow applicable BOD 22-01 guidance for cloud services, or discontinue use of the product if mitigations are unavailable.",2025-08-28,Unknown,https://support.citrix.com/support-home/kbsearch/article?articleNumber=CTX694938 ; https://nvd.nist.gov/vuln/detail/CVE-2025-7775,CWE-119
CVE-2025-48384,Git,Git,Git Link Following Vulnerability,2025-08-25,Git contains a link following vulnerability that stems from Git’s inconsistent handling of carriage return characters in configuration files.,"Apply mitigations per vendor instructions, follow applicable BOD 22-01 guidance for cloud services, or discontinue use of the product if mitigations are unavailable.",2025-09-15,Unknown,"This vulnerability affects a common open-source component, third-party library, or a protocol used by different products. For more information, please see: https://github.com/git/git/security/advisories/GHSA-vwqx-4fm8-6qc9 ; https://access.redhat.com/errata/RHSA-2025:13933 ; https://alas.aws.amazon.com/AL2/ALAS2-2025-2941.html ; https://linux.oracle.com/errata/ELSA-2025-11534.html ; https://msrc.microsoft.com/update-guide/vulnerability/CVE-2025-48384 ; https://nvd.nist.gov/vuln/detail/CVE-2025-48384","CWE-59, CWE-436"
CVE-2024-8068,Citrix,Session Recording,Citrix Session Recording Improper Privilege Management Vulnerability,2025-08-25,Citrix Session Recording contains an improper privilege management vulnerability that could allow for privilege escalation to NetworkService Account access. An attacker must be an authenticated user in the same Windows Active Directory domain as the session recording server domain.,"Apply mitigations per vendor instructions, follow applicable BOD 22-01 guidance for cloud services, or discontinue use of the product if mitigations are unavailable.",2025-09-15,Unknown,https://support.citrix.com/external/article/691941/citrix-session-recording-security-bullet.html ; https://nvd.nist.gov/vuln/detail/CVE-2024-8068,CWE-269
CVE-2024-8069,Citrix,Session Recording,Citrix Session Recording Deserialization of Untrusted Data Vulnerability,2025-08-25,Citrix Session Recording contains a deserialization of untrusted data vulnerability that allows limited remote code execution with privilege of a NetworkService Account access. Attacker must be an authenticated user on the same intranet as the session recording server.,"Apply mitigations per vendor instructions, follow applicable BOD 22-01 guidance for cloud services, or discontinue use of the product if mitigations are unavailable.",2025-09-15,Unknown,https://support.citrix.com/external/article/691941/citrix-session-recording-security-bullet.html ; https://nvd.nist.gov/vuln/detail/CVE-2024-8069,CWE-502
